,Total:,No bedroom,1 bedroom,2 bedrooms,3 bedrooms,4 bedrooms,5 or more bedrooms,county
06001400100,1413.0,17.0,72.0,232.0,560.0,439.0,93.0,ala
06001400200,913.0,16.0,151.0,248.0,326.0,147.0,25.0,ala
06001400300,2622.0,251.0,797.0,846.0,421.0,173.0,134.0,ala
06001400400,1920.0,112.0,457.0,722.0,448.0,104.0,77.0,ala
06001400500,1678.0,89.0,430.0,585.0,381.0,160.0,33.0,ala
06001400600,769.0,36.0,222.0,169.0,313.0,6.0,23.0,ala
06001400700,1962.0,210.0,445.0,801.0,344.0,104.0,58.0,ala
06001400800,1736.0,101.0,388.0,792.0,379.0,55.0,21.0,ala
06001400900,1175.0,63.0,335.0,530.0,166.0,48.0,33.0,ala
06001401000,2657.0,115.0,761.0,938.0,685.0,158.0,0.0,ala
06001401100,2140.0,247.0,816.0,522.0,397.0,137.0,21.0,ala
06001401200,1329.0,122.0,450.0,489.0,228.0,35.0,5.0,ala
06001401300,1896.0,430.0,905.0,320.0,197.0,15.0,29.0,ala
06001401400,1847.0,279.0,402.0,568.0,430.0,131.0,37.0,ala
06001401500,1239.0,194.0,332.0,438.0,208.0,39.0,28.0,ala
06001401600,891.0,25.0,188.0,320.0,259.0,67.0,32.0,ala
06001401700,1058.0,103.0,237.0,369.0,304.0,2.0,43.0,ala
06001401800,846.0,60.0,158.0,268.0,240.0,56.0,64.0,ala
06001402200,1028.0,114.0,188.0,377.0,239.0,66.0,44.0,ala
06001402400,1199.0,138.0,278.0,372.0,212.0,91.0,108.0,ala
06001402500,808.0,35.0,158.0,287.0,244.0,84.0,0.0,ala
06001402600,609.0,93.0,281.0,127.0,50.0,37.0,21.0,ala
06001402700,784.0,81.0,185.0,190.0,195.0,53.0,80.0,ala
06001402800,1844.0,684.0,695.0,276.0,107.0,30.0,52.0,ala
06001402900,862.0,270.0,540.0,23.0,11.0,0.0,18.0,ala
06001403000,1595.0,208.0,775.0,494.0,84.0,10.0,24.0,ala
06001403100,646.0,177.0,149.0,256.0,43.0,0.0,21.0,ala
06001403300,2455.0,242.0,1175.0,924.0,71.0,36.0,7.0,ala
06001403400,3150.0,681.0,1736.0,564.0,147.0,22.0,0.0,ala
06001403501,2559.0,243.0,1663.0,429.0,144.0,13.0,67.0,ala
06001403502,1323.0,116.0,707.0,385.0,115.0,0.0,0.0,ala
06001403600,2896.0,128.0,1854.0,684.0,119.0,71.0,40.0,ala
06001403701,1986.0,421.0,1062.0,482.0,11.0,10.0,0.0,ala
06001403702,1184.0,47.0,715.0,393.0,29.0,0.0,0.0,ala
06001403800,1979.0,130.0,641.0,625.0,337.0,201.0,45.0,ala
06001403900,2348.0,86.0,981.0,1013.0,171.0,57.0,40.0,ala
06001404000,1787.0,60.0,1011.0,570.0,68.0,41.0,37.0,ala
06001404101,1861.0,139.0,844.0,545.0,261.0,69.0,3.0,ala
06001404102,1750.0,270.0,946.0,292.0,213.0,17.0,12.0,ala
06001404200,1434.0,0.0,176.0,225.0,476.0,473.0,84.0,ala
06001404300,1402.0,0.0,103.0,299.0,517.0,402.0,81.0,ala
06001404400,2418.0,19.0,317.0,670.0,794.0,488.0,130.0,ala
06001404501,720.0,0.0,13.0,89.0,314.0,227.0,77.0,ala
06001404502,2538.0,15.0,29.0,535.0,1225.0,545.0,189.0,ala
06001404600,1883.0,19.0,0.0,258.0,797.0,660.0,149.0,ala
06001404700,829.0,0.0,23.0,118.0,421.0,214.0,53.0,ala
06001404800,1319.0,132.0,314.0,521.0,262.0,68.0,22.0,ala
06001404900,2061.0,36.0,404.0,874.0,557.0,134.0,56.0,ala
06001405000,1638.0,20.0,312.0,350.0,575.0,328.0,53.0,ala
06001405100,1638.0,0.0,69.0,142.0,795.0,510.0,122.0,ala
06001405200,2661.0,119.0,968.0,876.0,466.0,196.0,36.0,ala
06001405301,1628.0,248.0,683.0,570.0,78.0,20.0,29.0,ala
06001405302,1594.0,330.0,820.0,336.0,103.0,0.0,5.0,ala
06001405401,1822.0,283.0,756.0,496.0,178.0,73.0,36.0,ala
06001405402,1264.0,75.0,522.0,355.0,262.0,0.0,50.0,ala
06001405500,1707.0,154.0,442.0,617.0,362.0,67.0,65.0,ala
06001405600,1527.0,190.0,590.0,362.0,265.0,72.0,48.0,ala
06001405700,1503.0,176.0,513.0,448.0,289.0,64.0,13.0,ala
06001405800,1442.0,37.0,125.0,642.0,453.0,135.0,50.0,ala
06001405901,1121.0,84.0,279.0,214.0,475.0,58.0,11.0,ala
06001405902,1048.0,61.0,239.0,427.0,236.0,85.0,0.0,ala
06001406000,1586.0,261.0,625.0,394.0,238.0,42.0,26.0,ala
06001406100,1614.0,53.0,322.0,557.0,518.0,89.0,75.0,ala
06001406201,1598.0,215.0,390.0,510.0,322.0,140.0,21.0,ala
06001406202,1398.0,224.0,420.0,514.0,135.0,86.0,19.0,ala
06001406300,1340.0,70.0,264.0,466.0,262.0,211.0,67.0,ala
06001406400,795.0,109.0,53.0,268.0,301.0,54.0,10.0,ala
06001406500,2050.0,47.0,403.0,1017.0,411.0,142.0,30.0,ala
06001406601,1877.0,45.0,313.0,1125.0,368.0,26.0,0.0,ala
06001406602,991.0,15.0,255.0,322.0,247.0,152.0,0.0,ala
06001406700,2367.0,33.0,184.0,944.0,1030.0,113.0,63.0,ala
06001406800,1484.0,0.0,176.0,559.0,565.0,122.0,62.0,ala
06001406900,1579.0,0.0,84.0,744.0,483.0,241.0,27.0,ala
06001407000,2279.0,197.0,332.0,1010.0,518.0,149.0,73.0,ala
06001407101,1114.0,74.0,240.0,477.0,242.0,77.0,4.0,ala
06001407102,1427.0,59.0,216.0,449.0,627.0,76.0,0.0,ala
06001407200,1961.0,342.0,543.0,463.0,446.0,103.0,64.0,ala
06001407300,807.0,110.0,72.0,235.0,330.0,60.0,0.0,ala
06001407400,1190.0,127.0,298.0,337.0,364.0,5.0,59.0,ala
06001407500,1405.0,93.0,357.0,511.0,315.0,109.0,20.0,ala
06001407600,2327.0,56.0,314.0,1129.0,531.0,215.0,82.0,ala
06001407700,1884.0,88.0,67.0,850.0,766.0,101.0,12.0,ala
06001407800,805.0,15.0,49.0,338.0,335.0,54.0,14.0,ala
06001407900,1225.0,0.0,135.0,633.0,332.0,81.0,44.0,ala
06001408000,1029.0,9.0,12.0,131.0,596.0,212.0,69.0,ala
06001408100,2800.0,39.0,205.0,609.0,1029.0,818.0,100.0,ala
06001408200,1940.0,18.0,339.0,913.0,443.0,203.0,24.0,ala
06001408300,1900.0,0.0,167.0,804.0,682.0,218.0,29.0,ala
06001408400,1391.0,11.0,235.0,653.0,416.0,47.0,29.0,ala
06001408500,1749.0,26.0,224.0,803.0,522.0,164.0,10.0,ala
06001408600,1950.0,31.0,348.0,880.0,498.0,138.0,55.0,ala
06001408700,2643.0,112.0,386.0,1155.0,790.0,140.0,60.0,ala
06001408800,1988.0,51.0,349.0,765.0,715.0,42.0,66.0,ala
06001408900,1137.0,0.0,269.0,578.0,203.0,63.0,24.0,ala
06001409000,1116.0,0.0,20.0,422.0,545.0,72.0,57.0,ala
06001409100,695.0,0.0,0.0,329.0,265.0,101.0,0.0,ala
06001409200,1000.0,0.0,60.0,342.0,518.0,75.0,5.0,ala
06001409300,1647.0,61.0,275.0,715.0,550.0,37.0,9.0,ala
06001409400,1258.0,60.0,116.0,664.0,296.0,84.0,38.0,ala
06001409500,1068.0,23.0,117.0,383.0,411.0,134.0,0.0,ala
06001409600,1664.0,29.0,73.0,860.0,579.0,105.0,18.0,ala
06001409700,1765.0,36.0,271.0,716.0,604.0,138.0,0.0,ala
06001409800,1333.0,9.0,253.0,467.0,475.0,95.0,34.0,ala
06001409900,1429.0,42.0,11.0,165.0,752.0,384.0,75.0,ala
06001410000,1217.0,0.0,39.0,207.0,700.0,251.0,20.0,ala
06001410100,1054.0,6.0,113.0,318.0,454.0,126.0,37.0,ala
06001410200,1201.0,69.0,133.0,653.0,237.0,100.0,9.0,ala
06001410300,1096.0,62.0,114.0,588.0,293.0,20.0,19.0,ala
06001410400,1390.0,52.0,139.0,513.0,513.0,173.0,0.0,ala
06001410500,1086.0,43.0,311.0,454.0,167.0,77.0,34.0,ala
06001420100,943.0,12.0,84.0,354.0,317.0,165.0,11.0,ala
06001420200,1258.0,10.0,300.0,528.0,264.0,117.0,39.0,ala
06001420300,2090.0,0.0,459.0,1067.0,457.0,107.0,0.0,ala
06001420400,1239.0,12.0,242.0,878.0,107.0,0.0,0.0,ala
06001420500,1013.0,2.0,225.0,460.0,278.0,31.0,17.0,ala
06001420600,1304.0,0.0,141.0,492.0,472.0,110.0,89.0,ala
06001421100,876.0,0.0,21.0,162.0,414.0,212.0,67.0,ala
06001421200,1548.0,31.0,36.0,127.0,562.0,507.0,285.0,ala
06001421300,1769.0,9.0,178.0,473.0,704.0,278.0,127.0,ala
06001421400,688.0,41.0,20.0,123.0,165.0,270.0,69.0,ala
06001421500,1692.0,47.0,208.0,247.0,621.0,416.0,153.0,ala
06001421600,1700.0,119.0,221.0,253.0,568.0,364.0,175.0,ala
06001421700,1720.0,120.0,493.0,606.0,350.0,79.0,72.0,ala
06001421800,953.0,15.0,164.0,296.0,271.0,176.0,31.0,ala
06001421900,1858.0,43.0,400.0,934.0,379.0,97.0,5.0,ala
06001422000,729.0,15.0,362.0,216.0,127.0,9.0,0.0,ala
06001422100,1187.0,53.0,284.0,521.0,277.0,38.0,14.0,ala
06001422200,1636.0,156.0,613.0,589.0,239.0,18.0,21.0,ala
06001422300,1840.0,187.0,514.0,599.0,358.0,109.0,73.0,ala
06001422400,2263.0,232.0,1059.0,616.0,265.0,54.0,37.0,ala
06001422500,1683.0,303.0,743.0,351.0,183.0,58.0,45.0,ala
06001422600,11.0,0.0,0.0,0.0,11.0,0.0,0.0,ala
06001422700,1171.0,78.0,400.0,397.0,118.0,126.0,52.0,ala
06001422800,1503.0,373.0,692.0,258.0,52.0,89.0,39.0,ala
06001422900,1975.0,370.0,786.0,664.0,94.0,26.0,35.0,ala
06001423000,2134.0,121.0,448.0,853.0,601.0,111.0,0.0,ala
06001423100,2044.0,244.0,603.0,752.0,338.0,62.0,45.0,ala
06001423200,1183.0,106.0,291.0,364.0,311.0,87.0,24.0,ala
06001423300,1700.0,60.0,471.0,594.0,446.0,127.0,2.0,ala
06001423400,2232.0,88.0,611.0,869.0,396.0,221.0,47.0,ala
06001423500,1451.0,177.0,264.0,517.0,227.0,205.0,61.0,ala
06001423601,1318.0,79.0,499.0,390.0,170.0,98.0,82.0,ala
06001423602,2603.0,230.0,936.0,976.0,273.0,69.0,119.0,ala
06001423700,1435.0,242.0,392.0,211.0,207.0,262.0,121.0,ala
06001423800,1381.0,14.0,113.0,296.0,319.0,370.0,269.0,ala
06001423901,886.0,42.0,266.0,306.0,196.0,35.0,41.0,ala
06001423902,817.0,57.0,316.0,193.0,139.0,63.0,49.0,ala
06001424001,1606.0,102.0,397.0,820.0,176.0,96.0,15.0,ala
06001424002,991.0,7.0,188.0,556.0,174.0,26.0,40.0,ala
06001425101,1283.0,130.0,960.0,140.0,20.0,33.0,0.0,ala
06001425102,1953.0,337.0,1093.0,490.0,33.0,0.0,0.0,ala
06001425103,1461.0,62.0,506.0,817.0,76.0,0.0,0.0,ala
06001425104,1880.0,349.0,784.0,568.0,133.0,32.0,14.0,ala
06001426100,2170.0,12.0,30.0,268.0,678.0,725.0,457.0,ala
06001426200,1723.0,0.0,126.0,272.0,729.0,470.0,126.0,ala
06001427100,1455.0,32.0,188.0,368.0,605.0,254.0,8.0,ala
06001427200,1621.0,19.0,286.0,727.0,469.0,82.0,38.0,ala
06001427300,2061.0,87.0,444.0,872.0,372.0,217.0,69.0,ala
06001427600,1809.0,11.0,350.0,1029.0,255.0,125.0,39.0,ala
06001427700,2452.0,82.0,1015.0,688.0,480.0,172.0,15.0,ala
06001427800,2126.0,88.0,629.0,792.0,367.0,162.0,88.0,ala
06001427900,2245.0,81.0,799.0,641.0,420.0,217.0,87.0,ala
06001428000,1405.0,50.0,428.0,653.0,239.0,27.0,8.0,ala
06001428100,2029.0,248.0,223.0,725.0,567.0,247.0,19.0,ala
06001428200,2657.0,151.0,363.0,819.0,1055.0,214.0,55.0,ala
06001428301,2522.0,0.0,28.0,545.0,1524.0,372.0,53.0,ala
06001428302,2699.0,12.0,78.0,403.0,1085.0,927.0,194.0,ala
06001428400,2034.0,30.0,562.0,957.0,385.0,61.0,39.0,ala
06001428500,1545.0,0.0,362.0,868.0,173.0,110.0,32.0,ala
06001428600,1617.0,32.0,548.0,485.0,325.0,218.0,9.0,ala
06001428700,1458.0,95.0,84.0,390.0,424.0,413.0,52.0,ala
06001430101,2280.0,0.0,0.0,286.0,883.0,1037.0,74.0,ala
06001430102,903.0,9.0,0.0,125.0,239.0,474.0,56.0,ala
06001430200,2424.0,0.0,0.0,325.0,1265.0,701.0,133.0,ala
06001430300,1330.0,0.0,0.0,161.0,597.0,452.0,120.0,ala
06001430400,757.0,0.0,9.0,59.0,353.0,306.0,30.0,ala
06001430500,2109.0,73.0,24.0,942.0,866.0,197.0,7.0,ala
06001430600,2167.0,12.0,111.0,229.0,905.0,785.0,125.0,ala
06001430700,1355.0,0.0,30.0,333.0,723.0,172.0,97.0,ala
06001430800,2183.0,0.0,276.0,541.0,1087.0,219.0,60.0,ala
06001430900,1875.0,40.0,320.0,1176.0,291.0,34.0,14.0,ala
06001431000,1168.0,9.0,453.0,347.0,314.0,45.0,0.0,ala
06001431100,1358.0,42.0,218.0,743.0,308.0,47.0,0.0,ala
06001431200,2634.0,89.0,483.0,1272.0,654.0,124.0,12.0,ala
06001432100,1417.0,76.0,124.0,547.0,529.0,120.0,21.0,ala
06001432200,1705.0,161.0,349.0,753.0,381.0,51.0,10.0,ala
06001432300,1674.0,84.0,224.0,675.0,409.0,193.0,89.0,ala
06001432400,1848.0,21.0,194.0,541.0,905.0,180.0,7.0,ala
06001432501,1474.0,83.0,120.0,346.0,741.0,146.0,38.0,ala
06001432502,1470.0,0.0,142.0,651.0,524.0,137.0,16.0,ala
06001432600,2962.0,169.0,711.0,1502.0,483.0,73.0,24.0,ala
06001432700,1019.0,0.0,79.0,325.0,509.0,60.0,46.0,ala
06001432800,1456.0,27.0,53.0,331.0,744.0,247.0,54.0,ala
06001433000,1409.0,11.0,52.0,601.0,583.0,155.0,7.0,ala
06001433102,1364.0,50.0,53.0,543.0,454.0,157.0,107.0,ala
06001433103,1532.0,129.0,610.0,562.0,185.0,46.0,0.0,ala
06001433104,1824.0,229.0,545.0,728.0,238.0,55.0,29.0,ala
06001433200,2695.0,271.0,639.0,578.0,919.0,256.0,32.0,ala
06001433300,2150.0,0.0,28.0,189.0,1543.0,354.0,36.0,ala
06001433400,2312.0,0.0,99.0,754.0,682.0,602.0,175.0,ala
06001433500,1383.0,0.0,20.0,133.0,902.0,307.0,21.0,ala
06001433600,2109.0,51.0,372.0,612.0,918.0,143.0,13.0,ala
06001433700,1023.0,74.0,216.0,370.0,297.0,32.0,34.0,ala
06001433800,2563.0,89.0,365.0,863.0,1036.0,187.0,23.0,ala
06001433900,2393.0,24.0,620.0,1193.0,462.0,94.0,0.0,ala
06001434000,1836.0,33.0,400.0,780.0,509.0,86.0,28.0,ala
06001435102,1514.0,30.0,159.0,332.0,417.0,406.0,170.0,ala
06001435103,2119.0,29.0,0.0,101.0,588.0,984.0,417.0,ala
06001435104,2061.0,16.0,398.0,1036.0,452.0,71.0,88.0,ala
06001435200,1440.0,2.0,70.0,223.0,637.0,434.0,74.0,ala
06001435300,1754.0,0.0,353.0,754.0,426.0,167.0,54.0,ala
06001435400,2093.0,206.0,689.0,694.0,414.0,79.0,11.0,ala
06001435500,1480.0,39.0,517.0,549.0,306.0,50.0,19.0,ala
06001435601,1677.0,0.0,240.0,1182.0,198.0,27.0,30.0,ala
06001435602,1638.0,17.0,358.0,679.0,452.0,93.0,39.0,ala
06001435700,1488.0,29.0,83.0,311.0,929.0,111.0,25.0,ala
06001435800,1636.0,0.0,21.0,131.0,1264.0,191.0,29.0,ala
06001435900,1665.0,0.0,0.0,119.0,1202.0,309.0,35.0,ala
06001436000,1453.0,0.0,0.0,142.0,1175.0,105.0,31.0,ala
06001436100,1788.0,43.0,349.0,255.0,1024.0,114.0,3.0,ala
06001436200,1260.0,29.0,299.0,647.0,232.0,45.0,8.0,ala
06001436300,2185.0,31.0,297.0,1157.0,673.0,15.0,12.0,ala
06001436401,3094.0,171.0,333.0,1119.0,1019.0,424.0,28.0,ala
06001436402,1041.0,21.0,4.0,51.0,440.0,394.0,131.0,ala
06001436500,1790.0,67.0,609.0,674.0,347.0,63.0,30.0,ala
06001436601,1871.0,41.0,250.0,778.0,721.0,75.0,6.0,ala
06001436602,1667.0,58.0,541.0,603.0,221.0,222.0,22.0,ala
06001436700,1062.0,49.0,187.0,379.0,390.0,41.0,16.0,ala
06001436800,1353.0,56.0,353.0,198.0,579.0,119.0,48.0,ala
06001436900,1879.0,0.0,312.0,597.0,723.0,223.0,24.0,ala
06001437000,1241.0,0.0,173.0,272.0,684.0,81.0,31.0,ala
06001437101,1892.0,0.0,0.0,382.0,658.0,555.0,297.0,ala
06001437102,1408.0,53.0,290.0,320.0,627.0,118.0,0.0,ala
06001437200,2293.0,20.0,227.0,848.0,760.0,364.0,74.0,ala
06001437300,892.0,5.0,26.0,215.0,519.0,125.0,2.0,ala
06001437400,911.0,0.0,27.0,45.0,669.0,152.0,18.0,ala
06001437500,1158.0,0.0,193.0,519.0,431.0,15.0,0.0,ala
06001437600,913.0,0.0,86.0,274.0,466.0,57.0,30.0,ala
06001437701,1075.0,16.0,149.0,528.0,335.0,47.0,0.0,ala
06001437702,1106.0,14.0,31.0,870.0,177.0,14.0,0.0,ala
06001437800,1394.0,9.0,63.0,196.0,708.0,366.0,52.0,ala
06001437900,706.0,64.0,216.0,175.0,242.0,0.0,9.0,ala
06001438000,1105.0,0.0,61.0,236.0,636.0,107.0,65.0,ala
06001438100,2140.0,39.0,65.0,140.0,1375.0,457.0,64.0,ala
06001438201,1204.0,6.0,34.0,230.0,809.0,125.0,0.0,ala
06001438203,1303.0,50.0,29.0,382.0,445.0,343.0,54.0,ala
06001438204,1854.0,62.0,119.0,774.0,610.0,251.0,38.0,ala
06001438300,917.0,12.0,43.0,45.0,708.0,84.0,25.0,ala
06001438400,712.0,9.0,20.0,68.0,424.0,174.0,17.0,ala
06001440100,965.0,27.0,164.0,411.0,151.0,136.0,76.0,ala
06001440200,1548.0,17.0,123.0,522.0,631.0,215.0,40.0,ala
06001440301,2253.0,0.0,276.0,349.0,1055.0,523.0,50.0,ala
06001440304,1387.0,37.0,124.0,349.0,425.0,366.0,86.0,ala
06001440305,1082.0,39.0,0.0,87.0,353.0,523.0,80.0,ala
06001440306,1130.0,7.0,9.0,242.0,561.0,236.0,75.0,ala
06001440307,1707.0,44.0,57.0,802.0,540.0,227.0,37.0,ala
06001440308,2096.0,145.0,482.0,329.0,746.0,274.0,120.0,ala
06001440331,985.0,9.0,141.0,342.0,299.0,154.0,40.0,ala
06001440332,912.0,0.0,31.0,29.0,201.0,374.0,277.0,ala
06001440333,866.0,0.0,9.0,153.0,242.0,340.0,122.0,ala
06001440334,1127.0,9.0,23.0,107.0,400.0,543.0,45.0,ala
06001440335,2089.0,63.0,310.0,340.0,360.0,725.0,291.0,ala
06001440336,1559.0,0.0,162.0,604.0,551.0,242.0,0.0,ala
06001441100,1646.0,70.0,87.0,322.0,602.0,405.0,160.0,ala
06001441200,2679.0,12.0,534.0,540.0,917.0,567.0,109.0,ala
06001441301,1226.0,20.0,275.0,422.0,182.0,217.0,110.0,ala
06001441302,1913.0,0.0,163.0,214.0,858.0,664.0,14.0,ala
06001441401,2452.0,0.0,512.0,413.0,829.0,622.0,76.0,ala
06001441402,1764.0,0.0,111.0,354.0,477.0,714.0,108.0,ala
06001441501,1874.0,0.0,57.0,107.0,570.0,917.0,223.0,ala
06001441503,1864.0,0.0,82.0,390.0,861.0,505.0,26.0,ala
06001441521,1879.0,13.0,10.0,225.0,755.0,829.0,47.0,ala
06001441522,1508.0,11.0,0.0,205.0,671.0,551.0,70.0,ala
06001441523,1442.0,0.0,71.0,818.0,314.0,233.0,6.0,ala
06001441524,1375.0,36.0,128.0,439.0,346.0,382.0,44.0,ala
06001441601,1503.0,0.0,9.0,142.0,936.0,391.0,25.0,ala
06001441602,2368.0,0.0,391.0,529.0,1013.0,397.0,38.0,ala
06001441700,2798.0,55.0,397.0,1314.0,800.0,213.0,19.0,ala
06001441800,2446.0,0.0,374.0,942.0,633.0,477.0,20.0,ala
06001441921,1323.0,0.0,334.0,381.0,453.0,152.0,3.0,ala
06001441923,2239.0,136.0,904.0,1082.0,103.0,14.0,0.0,ala
06001441924,2637.0,0.0,456.0,993.0,766.0,389.0,33.0,ala
06001441925,2896.0,15.0,1300.0,1483.0,98.0,0.0,0.0,ala
06001441926,1485.0,88.0,335.0,763.0,253.0,46.0,0.0,ala
06001441927,1795.0,74.0,599.0,836.0,263.0,23.0,0.0,ala
06001442000,1060.0,0.0,42.0,20.0,281.0,429.0,288.0,ala
06001442100,1710.0,18.0,77.0,220.0,490.0,745.0,160.0,ala
06001442200,2186.0,0.0,10.0,157.0,931.0,851.0,237.0,ala
06001442301,1519.0,0.0,245.0,278.0,830.0,106.0,60.0,ala
06001442302,2014.0,113.0,445.0,770.0,563.0,114.0,9.0,ala
06001442400,1998.0,18.0,201.0,232.0,885.0,617.0,45.0,ala
06001442500,2292.0,16.0,300.0,423.0,1000.0,479.0,74.0,ala
06001442601,1308.0,0.0,154.0,61.0,755.0,291.0,47.0,ala
06001442602,1773.0,7.0,296.0,600.0,563.0,265.0,42.0,ala
06001442700,1092.0,0.0,89.0,202.0,534.0,241.0,26.0,ala
06001442800,970.0,0.0,0.0,252.0,483.0,205.0,30.0,ala
06001442900,2350.0,0.0,190.0,417.0,1020.0,618.0,105.0,ala
06001443001,837.0,6.0,0.0,37.0,652.0,123.0,19.0,ala
06001443002,1914.0,0.0,9.0,367.0,1174.0,348.0,16.0,ala
06001443102,1510.0,0.0,0.0,46.0,342.0,808.0,314.0,ala
06001443103,1219.0,0.0,0.0,12.0,107.0,471.0,629.0,ala
06001443104,1834.0,0.0,121.0,311.0,748.0,595.0,59.0,ala
06001443105,1440.0,0.0,0.0,111.0,404.0,770.0,155.0,ala
06001443200,1210.0,0.0,0.0,17.0,219.0,639.0,335.0,ala
06001443301,1242.0,0.0,0.0,26.0,521.0,653.0,42.0,ala
06001443321,1269.0,0.0,181.0,653.0,399.0,10.0,26.0,ala
06001443322,976.0,0.0,6.0,90.0,562.0,239.0,79.0,ala
06001444100,2565.0,0.0,183.0,73.0,1193.0,912.0,204.0,ala
06001444200,2023.0,11.0,33.0,418.0,1055.0,453.0,53.0,ala
06001444301,1184.0,0.0,138.0,171.0,477.0,375.0,23.0,ala
06001444302,1317.0,0.0,86.0,521.0,337.0,275.0,98.0,ala
06001444400,1533.0,0.0,117.0,560.0,719.0,125.0,12.0,ala
06001444500,2068.0,23.0,275.0,645.0,689.0,319.0,117.0,ala
06001444601,1500.0,0.0,14.0,41.0,809.0,588.0,48.0,ala
06001444602,1622.0,15.0,170.0,723.0,563.0,131.0,20.0,ala
06001450101,1916.0,12.0,732.0,468.0,409.0,221.0,74.0,ala
06001450102,1357.0,0.0,154.0,295.0,336.0,432.0,140.0,ala
06001450200,2313.0,44.0,586.0,1141.0,387.0,145.0,10.0,ala
06001450300,1671.0,0.0,176.0,107.0,679.0,648.0,61.0,ala
06001450400,2047.0,29.0,130.0,305.0,994.0,537.0,52.0,ala
06001450501,1271.0,0.0,103.0,417.0,384.0,275.0,92.0,ala
06001450502,1575.0,0.0,0.0,162.0,446.0,644.0,323.0,ala
06001450601,1303.0,0.0,147.0,174.0,332.0,505.0,145.0,ala
06001450602,3342.0,24.0,372.0,819.0,775.0,991.0,361.0,ala
06001450603,1482.0,0.0,7.0,42.0,697.0,686.0,50.0,ala
06001450604,1634.0,0.0,182.0,140.0,326.0,891.0,95.0,ala
06001450605,1364.0,27.0,85.0,171.0,544.0,506.0,31.0,ala
06001450606,1859.0,21.0,19.0,216.0,506.0,860.0,237.0,ala
06001450607,2205.0,139.0,724.0,677.0,264.0,314.0,87.0,ala
06001450701,2600.0,0.0,50.0,187.0,476.0,1271.0,616.0,ala
06001450741,1755.0,42.0,173.0,433.0,758.0,273.0,76.0,ala
06001450742,1790.0,9.0,96.0,482.0,498.0,561.0,144.0,ala
06001450743,2150.0,0.0,635.0,904.0,469.0,113.0,29.0,ala
06001450744,1476.0,0.0,0.0,151.0,421.0,741.0,163.0,ala
06001450745,1872.0,0.0,136.0,405.0,598.0,585.0,148.0,ala
06001450746,1175.0,0.0,80.0,271.0,557.0,261.0,6.0,ala
06001450750,1843.0,53.0,445.0,963.0,366.0,0.0,16.0,ala
06001450751,757.0,21.0,3.0,53.0,251.0,225.0,204.0,ala
06001450752,1585.0,8.0,13.0,135.0,234.0,452.0,743.0,ala
06001451101,2433.0,20.0,145.0,225.0,979.0,744.0,320.0,ala
06001451102,1377.0,0.0,0.0,63.0,264.0,626.0,424.0,ala
06001451201,2593.0,0.0,204.0,689.0,941.0,732.0,27.0,ala
06001451202,1346.0,0.0,9.0,41.0,773.0,500.0,23.0,ala
06001451300,2386.0,0.0,59.0,350.0,1045.0,789.0,143.0,ala
06001451401,2324.0,0.0,301.0,479.0,800.0,707.0,37.0,ala
06001451403,790.0,0.0,28.0,56.0,540.0,159.0,7.0,ala
06001451404,2210.0,96.0,180.0,752.0,868.0,277.0,37.0,ala
06001451501,1762.0,8.0,279.0,221.0,549.0,439.0,266.0,ala
06001451503,2182.0,13.0,246.0,191.0,1238.0,455.0,39.0,ala
06001451504,594.0,0.0,70.0,78.0,155.0,283.0,8.0,ala
06001451505,1159.0,0.0,0.0,18.0,505.0,595.0,41.0,ala
06001451506,1126.0,0.0,100.0,385.0,367.0,245.0,29.0,ala
06001451601,1850.0,21.0,115.0,495.0,539.0,573.0,107.0,ala
06001451602,2905.0,87.0,651.0,763.0,882.0,326.0,196.0,ala
06001451701,1080.0,0.0,9.0,42.0,804.0,175.0,50.0,ala
06001451703,1332.0,0.0,0.0,94.0,544.0,580.0,114.0,ala
06001451704,1670.0,0.0,170.0,108.0,778.0,467.0,147.0,ala
06001981900,46.0,27.0,9.0,0.0,10.0,0.0,0.0,ala
06001982000,33.0,0.0,4.0,3.0,26.0,0.0,0.0,ala
06001983200,348.0,9.0,140.0,157.0,42.0,0.0,0.0,ala
06001990000,0.0,0.0,0.0,0.0,0.0,0.0,0.0,ala
06013301000,1910.0,84.0,247.0,901.0,449.0,188.0,41.0,con
06013302005,2359.0,36.0,288.0,334.0,1279.0,406.0,16.0,con
06013302006,1302.0,17.0,0.0,0.0,610.0,666.0,9.0,con
06013302007,2139.0,87.0,65.0,439.0,652.0,801.0,95.0,con
06013302008,2321.0,0.0,69.0,397.0,665.0,901.0,289.0,con
06013302009,1748.0,14.0,78.0,38.0,670.0,616.0,332.0,con
06013302010,3049.0,0.0,0.0,169.0,1542.0,957.0,381.0,con
06013303102,2365.0,29.0,209.0,281.0,742.0,755.0,349.0,con
06013303103,3318.0,32.0,256.0,367.0,1417.0,1018.0,228.0,con
06013303201,3125.0,0.0,185.0,191.0,708.0,1151.0,890.0,con
06013303202,2193.0,0.0,0.0,58.0,702.0,902.0,531.0,con
06013303203,2745.0,0.0,38.0,443.0,756.0,830.0,678.0,con
06013303204,1518.0,0.0,82.0,440.0,500.0,441.0,55.0,con
06013303205,3278.0,0.0,0.0,1535.0,927.0,623.0,193.0,con
06013304001,1253.0,0.0,50.0,129.0,252.0,527.0,295.0,con
06013304002,530.0,0.0,0.0,168.0,290.0,72.0,0.0,con
06013304003,1713.0,0.0,0.0,207.0,928.0,524.0,54.0,con
06013304004,1789.0,0.0,0.0,130.0,1383.0,258.0,18.0,con
06013304005,2075.0,5.0,14.0,123.0,708.0,1025.0,200.0,con
06013305000,2531.0,83.0,522.0,1139.0,672.0,75.0,40.0,con
06013306002,1128.0,0.0,6.0,221.0,588.0,307.0,6.0,con
06013306003,1899.0,52.0,254.0,475.0,771.0,276.0,71.0,con
06013306004,1269.0,37.0,108.0,354.0,656.0,97.0,17.0,con
06013307101,1565.0,0.0,121.0,89.0,733.0,581.0,41.0,con
06013307102,1897.0,0.0,148.0,796.0,784.0,164.0,5.0,con
06013307201,1172.0,24.0,38.0,453.0,552.0,95.0,10.0,con
06013307202,1654.0,8.0,325.0,1072.0,166.0,83.0,0.0,con
06013307204,1398.0,0.0,20.0,50.0,948.0,338.0,42.0,con
06013307205,2804.0,15.0,584.0,832.0,1000.0,335.0,38.0,con
06013308001,2598.0,0.0,66.0,139.0,1667.0,670.0,56.0,con
06013308002,1442.0,0.0,0.0,20.0,533.0,704.0,185.0,con
06013309000,1079.0,9.0,156.0,64.0,588.0,262.0,0.0,con
06013310000,1682.0,9.0,155.0,541.0,530.0,347.0,100.0,con
06013311000,1545.0,8.0,174.0,411.0,562.0,354.0,36.0,con
06013312000,787.0,0.0,82.0,250.0,388.0,67.0,0.0,con
06013313101,2874.0,35.0,626.0,820.0,1071.0,322.0,0.0,con
06013313102,1415.0,0.0,110.0,324.0,649.0,303.0,29.0,con
06013313103,2550.0,0.0,299.0,386.0,804.0,726.0,335.0,con
06013313203,967.0,5.0,11.0,38.0,599.0,314.0,0.0,con
06013313204,1815.0,0.0,185.0,438.0,649.0,469.0,74.0,con
06013313205,521.0,2.0,0.0,0.0,316.0,177.0,26.0,con
06013313206,1639.0,8.0,0.0,225.0,984.0,422.0,0.0,con
06013314102,1734.0,6.0,7.0,309.0,835.0,569.0,8.0,con
06013314103,1726.0,116.0,213.0,381.0,742.0,256.0,18.0,con
06013314104,2625.0,59.0,258.0,1209.0,847.0,238.0,14.0,con
06013314200,1794.0,0.0,37.0,430.0,1020.0,307.0,0.0,con
06013315000,1230.0,0.0,13.0,198.0,677.0,311.0,31.0,con
06013316000,475.0,116.0,110.0,179.0,55.0,0.0,15.0,con
06013317000,1095.0,69.0,166.0,529.0,254.0,58.0,19.0,con
06013318000,1587.0,0.0,449.0,514.0,517.0,81.0,26.0,con
06013319000,3197.0,35.0,360.0,1173.0,1281.0,263.0,85.0,con
06013320001,1270.0,0.0,54.0,204.0,658.0,286.0,68.0,con
06013320003,1074.0,0.0,56.0,215.0,392.0,347.0,64.0,con
06013320004,2564.0,102.0,244.0,559.0,966.0,552.0,141.0,con
06013321101,2551.0,0.0,69.0,360.0,1393.0,669.0,60.0,con
06013321102,2799.0,3.0,15.0,548.0,1241.0,892.0,100.0,con
06013321103,1834.0,0.0,71.0,220.0,823.0,603.0,117.0,con
06013321200,2384.0,24.0,407.0,810.0,938.0,199.0,6.0,con
06013322000,2642.0,100.0,266.0,329.0,1269.0,595.0,83.0,con
06013323000,1795.0,0.0,52.0,240.0,1091.0,319.0,93.0,con
06013324001,2852.0,409.0,1200.0,907.0,282.0,34.0,20.0,con
06013324002,2614.0,86.0,808.0,1100.0,449.0,146.0,25.0,con
06013325000,2237.0,129.0,191.0,301.0,1084.0,466.0,66.0,con
06013326000,1426.0,40.0,130.0,96.0,566.0,455.0,139.0,con
06013327000,2915.0,7.0,322.0,1357.0,1044.0,185.0,0.0,con
06013328000,1407.0,193.0,753.0,385.0,76.0,0.0,0.0,con
06013329000,2407.0,10.0,126.0,625.0,1272.0,304.0,70.0,con
06013330000,2059.0,0.0,0.0,280.0,1345.0,380.0,54.0,con
06013331000,2812.0,0.0,309.0,907.0,1078.0,436.0,82.0,con
06013332000,2955.0,16.0,121.0,496.0,1619.0,632.0,71.0,con
06013333101,1539.0,0.0,44.0,371.0,756.0,304.0,64.0,con
06013333102,1620.0,0.0,266.0,185.0,605.0,518.0,46.0,con
06013333200,2285.0,0.0,194.0,218.0,895.0,911.0,67.0,con
06013334001,1543.0,25.0,292.0,238.0,512.0,450.0,26.0,con
06013334004,3379.0,38.0,391.0,1483.0,1079.0,350.0,38.0,con
06013334006,1769.0,11.0,0.0,54.0,744.0,913.0,47.0,con
06013334200,2839.0,34.0,352.0,363.0,1205.0,721.0,164.0,con
06013335000,1309.0,0.0,17.0,420.0,644.0,183.0,45.0,con
06013336101,1649.0,50.0,550.0,688.0,310.0,33.0,18.0,con
06013336102,2768.0,31.0,928.0,1534.0,209.0,66.0,0.0,con
06013336201,1207.0,4.0,35.0,314.0,633.0,183.0,38.0,con
06013336202,1774.0,36.0,574.0,866.0,271.0,20.0,7.0,con
06013337100,1221.0,0.0,38.0,226.0,392.0,471.0,94.0,con
06013337200,3164.0,10.0,537.0,1291.0,721.0,600.0,5.0,con
06013337300,2353.0,42.0,121.0,209.0,670.0,1123.0,188.0,con
06013338101,1870.0,81.0,163.0,771.0,586.0,248.0,21.0,con
06013338102,1415.0,0.0,15.0,77.0,702.0,560.0,61.0,con
06013338201,1432.0,0.0,69.0,244.0,291.0,636.0,192.0,con
06013338203,2644.0,10.0,1085.0,935.0,361.0,167.0,86.0,con
06013338204,2821.0,0.0,610.0,952.0,873.0,326.0,60.0,con
06013338301,1081.0,57.0,0.0,0.0,167.0,635.0,222.0,con
06013338302,2186.0,0.0,62.0,170.0,642.0,968.0,344.0,con
06013339001,2030.0,255.0,1027.0,731.0,17.0,0.0,0.0,con
06013339002,3453.0,300.0,1302.0,1403.0,407.0,25.0,16.0,con
06013340001,2553.0,71.0,317.0,866.0,924.0,375.0,0.0,con
06013340002,3039.0,64.0,77.0,583.0,1389.0,768.0,158.0,con
06013341000,2030.0,0.0,293.0,627.0,531.0,485.0,94.0,con
06013343001,2177.0,50.0,427.0,718.0,439.0,392.0,151.0,con
06013343002,2072.0,47.0,290.0,378.0,737.0,500.0,120.0,con
06013343003,1504.0,0.0,146.0,123.0,469.0,572.0,194.0,con
06013345101,2040.0,0.0,142.0,329.0,704.0,716.0,149.0,con
06013345102,1306.0,0.0,0.0,35.0,529.0,685.0,57.0,con
06013345103,1944.0,77.0,276.0,145.0,563.0,698.0,185.0,con
06013345105,2236.0,37.0,0.0,276.0,689.0,933.0,301.0,con
06013345108,3347.0,160.0,268.0,1010.0,1024.0,793.0,92.0,con
06013345111,1984.0,0.0,464.0,507.0,317.0,531.0,165.0,con
06013345112,2371.0,0.0,669.0,310.0,494.0,616.0,282.0,con
06013345113,1462.0,0.0,0.0,66.0,422.0,818.0,156.0,con
06013345114,2509.0,0.0,0.0,353.0,765.0,1214.0,177.0,con
06013345115,1869.0,0.0,40.0,198.0,258.0,875.0,498.0,con
06013345116,938.0,0.0,0.0,0.0,223.0,700.0,15.0,con
06013345202,3329.0,0.0,472.0,1102.0,945.0,666.0,144.0,con
06013345203,2679.0,29.0,146.0,423.0,1045.0,948.0,88.0,con
06013345204,1315.0,0.0,0.0,63.0,446.0,509.0,297.0,con
06013346101,1312.0,0.0,0.0,14.0,579.0,502.0,217.0,con
06013346102,2053.0,0.0,44.0,95.0,434.0,971.0,509.0,con
06013346201,2680.0,30.0,146.0,80.0,763.0,1216.0,445.0,con
06013346203,1429.0,0.0,0.0,125.0,469.0,668.0,167.0,con
06013346204,2481.0,0.0,0.0,79.0,760.0,1117.0,525.0,con
06013347000,2396.0,67.0,37.0,166.0,697.0,1208.0,221.0,con
06013348000,1765.0,21.0,18.0,168.0,583.0,701.0,274.0,con
06013349000,1954.0,30.0,149.0,594.0,760.0,385.0,36.0,con
06013350000,2535.0,0.0,515.0,776.0,584.0,519.0,141.0,con
06013351101,2131.0,0.0,257.0,1711.0,163.0,0.0,0.0,con
06013351102,3069.0,0.0,271.0,2637.0,35.0,82.0,44.0,con
06013351103,1401.0,0.0,123.0,1056.0,212.0,0.0,10.0,con
06013351200,2135.0,0.0,26.0,84.0,869.0,958.0,198.0,con
06013352101,863.0,0.0,9.0,118.0,173.0,380.0,183.0,con
06013352102,1913.0,0.0,0.0,189.0,609.0,863.0,252.0,con
06013352201,2337.0,50.0,173.0,456.0,772.0,680.0,206.0,con
06013352202,1062.0,1.0,45.0,323.0,446.0,220.0,27.0,con
06013353001,1319.0,0.0,30.0,116.0,544.0,485.0,144.0,con
06013353002,1494.0,0.0,8.0,44.0,594.0,630.0,218.0,con
06013354001,693.0,0.0,0.0,184.0,298.0,147.0,64.0,con
06013354002,2543.0,0.0,134.0,298.0,731.0,987.0,393.0,con
06013355107,1577.0,16.0,0.0,97.0,420.0,709.0,335.0,con
06013355108,3912.0,62.0,95.0,64.0,819.0,1658.0,1214.0,con
06013355109,2226.0,0.0,93.0,95.0,876.0,836.0,326.0,con
06013355110,1284.0,12.0,0.0,23.0,382.0,715.0,152.0,con
06013355111,1977.0,0.0,14.0,222.0,511.0,787.0,443.0,con
06013355112,2115.0,0.0,0.0,117.0,730.0,1008.0,260.0,con
06013355113,1707.0,0.0,55.0,18.0,280.0,1129.0,225.0,con
06013355114,3529.0,0.0,53.0,238.0,991.0,1453.0,794.0,con
06013355115,1732.0,71.0,622.0,394.0,317.0,262.0,66.0,con
06013355116,1556.0,0.0,0.0,57.0,366.0,613.0,520.0,con
06013355117,2022.0,0.0,12.0,42.0,623.0,771.0,574.0,con
06013355200,2357.0,51.0,112.0,530.0,412.0,671.0,581.0,con
06013355301,2887.0,0.0,36.0,354.0,1000.0,954.0,543.0,con
06013355302,1207.0,0.0,9.0,22.0,200.0,651.0,325.0,con
06013355304,3147.0,0.0,281.0,469.0,1402.0,774.0,221.0,con
06013355306,1848.0,0.0,47.0,129.0,522.0,888.0,262.0,con
06013356001,1181.0,0.0,44.0,113.0,455.0,495.0,74.0,con
06013356002,2043.0,0.0,120.0,492.0,369.0,804.0,258.0,con
06013357000,1641.0,76.0,379.0,487.0,449.0,190.0,60.0,con
06013358000,2050.0,9.0,200.0,1020.0,496.0,208.0,117.0,con
06013359102,1927.0,0.0,163.0,527.0,803.0,379.0,55.0,con
06013359103,2049.0,15.0,222.0,481.0,921.0,410.0,0.0,con
06013359104,961.0,0.0,43.0,609.0,306.0,0.0,3.0,con
06013359105,1564.0,0.0,24.0,233.0,489.0,621.0,197.0,con
06013359202,2223.0,59.0,28.0,169.0,1012.0,795.0,160.0,con
06013359203,2334.0,0.0,111.0,342.0,1044.0,822.0,15.0,con
06013359204,1519.0,14.0,90.0,79.0,520.0,557.0,259.0,con
06013360101,1794.0,43.0,59.0,189.0,744.0,672.0,87.0,con
06013360102,1573.0,19.0,0.0,84.0,377.0,990.0,103.0,con
06013360200,1919.0,43.0,168.0,469.0,969.0,227.0,43.0,con
06013361000,1838.0,0.0,170.0,602.0,667.0,339.0,60.0,con
06013362000,1193.0,7.0,87.0,314.0,564.0,163.0,58.0,con
06013363000,2824.0,45.0,88.0,1003.0,1347.0,238.0,103.0,con
06013364002,1871.0,0.0,208.0,76.0,1145.0,387.0,55.0,con
06013365002,1748.0,7.0,163.0,686.0,568.0,280.0,44.0,con
06013365003,2514.0,15.0,1073.0,851.0,378.0,197.0,0.0,con
06013366001,1321.0,17.0,45.0,304.0,756.0,153.0,46.0,con
06013366002,1857.0,49.0,181.0,614.0,867.0,120.0,26.0,con
06013367100,2117.0,212.0,560.0,188.0,885.0,261.0,11.0,con
06013367200,1707.0,36.0,251.0,434.0,884.0,94.0,8.0,con
06013368001,1425.0,8.0,73.0,623.0,596.0,107.0,18.0,con
06013368002,952.0,44.0,107.0,535.0,184.0,82.0,0.0,con
06013369001,2559.0,135.0,794.0,1137.0,381.0,112.0,0.0,con
06013369002,1071.0,38.0,80.0,503.0,362.0,28.0,60.0,con
06013370000,1221.0,40.0,80.0,267.0,630.0,187.0,17.0,con
06013371000,2114.0,30.0,173.0,1015.0,756.0,64.0,76.0,con
06013372000,2471.0,69.0,205.0,1150.0,860.0,187.0,0.0,con
06013373000,1249.0,0.0,120.0,597.0,480.0,18.0,34.0,con
06013374000,1952.0,47.0,384.0,950.0,518.0,53.0,0.0,con
06013375000,1307.0,34.0,147.0,691.0,365.0,70.0,0.0,con
06013376000,2146.0,22.0,337.0,902.0,638.0,149.0,98.0,con
06013377000,2513.0,78.0,391.0,1354.0,576.0,114.0,0.0,con
06013378000,1987.0,164.0,215.0,832.0,611.0,126.0,39.0,con
06013379000,2116.0,17.0,253.0,1144.0,522.0,180.0,0.0,con
06013380000,2980.0,8.0,730.0,1208.0,889.0,105.0,40.0,con
06013381000,2196.0,49.0,80.0,809.0,987.0,271.0,0.0,con
06013382000,2823.0,51.0,431.0,946.0,998.0,363.0,34.0,con
06013383000,2191.0,136.0,277.0,1007.0,625.0,99.0,47.0,con
06013384000,1688.0,0.0,6.0,477.0,712.0,441.0,52.0,con
06013385100,1165.0,0.0,95.0,129.0,542.0,279.0,120.0,con
06013385200,590.0,0.0,0.0,119.0,343.0,120.0,8.0,con
06013386000,1487.0,76.0,276.0,833.0,241.0,51.0,10.0,con
06013387000,1163.0,0.0,162.0,442.0,425.0,109.0,25.0,con
06013388000,1205.0,45.0,128.0,593.0,366.0,63.0,10.0,con
06013389100,925.0,14.0,136.0,468.0,262.0,44.0,1.0,con
06013389200,832.0,10.0,176.0,566.0,69.0,11.0,0.0,con
06013390100,967.0,0.0,65.0,242.0,406.0,196.0,58.0,con
06013390200,778.0,0.0,20.0,321.0,322.0,110.0,5.0,con
06013391000,1137.0,33.0,24.0,281.0,459.0,278.0,62.0,con
06013392000,1138.0,0.0,28.0,312.0,487.0,264.0,47.0,con
06013392200,3328.0,26.0,164.0,794.0,1291.0,850.0,203.0,con
06013392300,930.0,0.0,91.0,156.0,49.0,364.0,270.0,con
06013990000,0.0,0.0,0.0,0.0,0.0,0.0,0.0,con
06041101100,1067.0,0.0,12.0,151.0,386.0,360.0,158.0,mar
06041101200,1083.0,0.0,38.0,185.0,605.0,218.0,37.0,mar
06041102100,960.0,0.0,10.0,114.0,327.0,476.0,33.0,mar
06041102202,2288.0,9.0,89.0,266.0,988.0,888.0,48.0,mar
06041102203,2145.0,92.0,319.0,702.0,708.0,290.0,34.0,mar
06041103100,2786.0,0.0,104.0,107.0,1271.0,1010.0,294.0,mar
06041103200,2651.0,226.0,310.0,549.0,938.0,448.0,180.0,mar
06041104101,3205.0,31.0,183.0,427.0,1420.0,877.0,267.0,mar
06041104102,2161.0,13.0,228.0,876.0,878.0,150.0,16.0,mar
06041104200,2536.0,44.0,153.0,888.0,811.0,467.0,173.0,mar
06041104300,650.0,0.0,0.0,65.0,323.0,223.0,39.0,mar
06041105000,2826.0,6.0,94.0,1116.0,1161.0,362.0,87.0,mar
06041106001,2296.0,33.0,496.0,1353.0,372.0,42.0,0.0,mar
06041106002,2206.0,0.0,206.0,529.0,945.0,471.0,55.0,mar
06041107000,2392.0,0.0,68.0,172.0,859.0,1148.0,145.0,mar
06041108100,2753.0,0.0,149.0,320.0,1219.0,827.0,238.0,mar
06041108200,3162.0,134.0,794.0,743.0,832.0,540.0,119.0,mar
06041109001,1879.0,51.0,585.0,353.0,642.0,233.0,15.0,mar
06041109002,1866.0,0.0,377.0,374.0,712.0,339.0,64.0,mar
06041110100,2563.0,50.0,603.0,711.0,670.0,376.0,153.0,mar
06041110200,2288.0,0.0,27.0,284.0,890.0,894.0,193.0,mar
06041111000,2884.0,307.0,773.0,1028.0,536.0,209.0,31.0,mar
06041112100,2027.0,103.0,350.0,628.0,690.0,231.0,25.0,mar
06041112201,1991.0,216.0,452.0,996.0,252.0,75.0,0.0,mar
06041112202,1394.0,9.0,283.0,492.0,559.0,51.0,0.0,mar
06041113000,1665.0,36.0,341.0,538.0,553.0,148.0,49.0,mar
06041114100,2273.0,52.0,204.0,963.0,897.0,100.0,57.0,mar
06041114200,1299.0,41.0,208.0,401.0,455.0,171.0,23.0,mar
06041115000,2862.0,13.0,90.0,581.0,1299.0,749.0,130.0,mar
06041116000,1331.0,26.0,184.0,408.0,529.0,146.0,38.0,mar
06041117000,2138.0,138.0,345.0,560.0,720.0,303.0,72.0,mar
06041118100,825.0,15.0,42.0,95.0,327.0,216.0,130.0,mar
06041119100,1955.0,13.0,248.0,359.0,664.0,484.0,187.0,mar
06041119201,1944.0,24.0,542.0,969.0,362.0,21.0,26.0,mar
06041119202,1278.0,0.0,13.0,53.0,688.0,373.0,151.0,mar
06041120000,2873.0,50.0,682.0,668.0,805.0,551.0,117.0,mar
06041121100,2369.0,52.0,266.0,863.0,938.0,210.0,40.0,mar
06041121200,2666.0,120.0,414.0,514.0,1158.0,422.0,38.0,mar
06041122000,0.0,0.0,0.0,0.0,0.0,0.0,0.0,mar
06041123000,1034.0,6.0,54.0,201.0,280.0,375.0,118.0,mar
06041124100,2377.0,111.0,224.0,488.0,798.0,560.0,196.0,mar
06041124200,2897.0,44.0,289.0,938.0,997.0,399.0,230.0,mar
06041125000,2110.0,185.0,406.0,662.0,493.0,296.0,68.0,mar
06041126100,2539.0,14.0,239.0,760.0,941.0,463.0,122.0,mar
06041126200,2181.0,0.0,518.0,836.0,549.0,161.0,117.0,mar
06041127000,2218.0,72.0,320.0,497.0,728.0,414.0,187.0,mar
06041128100,2844.0,31.0,165.0,654.0,1277.0,608.0,109.0,mar
06041128200,2013.0,59.0,245.0,502.0,803.0,328.0,76.0,mar
06041129000,1125.0,31.0,190.0,615.0,232.0,25.0,32.0,mar
06041130201,2118.0,59.0,485.0,665.0,641.0,205.0,63.0,mar
06041130202,2634.0,161.0,636.0,1193.0,529.0,115.0,0.0,mar
06041131100,509.0,28.0,60.0,125.0,251.0,36.0,9.0,mar
06041132100,1672.0,72.0,321.0,644.0,486.0,125.0,24.0,mar
06041132200,1350.0,152.0,95.0,445.0,393.0,239.0,26.0,mar
06041133000,1905.0,73.0,251.0,536.0,852.0,155.0,38.0,mar
06041990100,0.0,0.0,0.0,0.0,0.0,0.0,0.0,mar
06055200201,1355.0,22.0,199.0,647.0,328.0,147.0,12.0,nap
06055200202,1237.0,83.0,328.0,436.0,259.0,32.0,99.0,nap
06055200203,914.0,24.0,167.0,328.0,324.0,64.0,7.0,nap
06055200301,1787.0,30.0,220.0,724.0,558.0,232.0,23.0,nap
06055200302,919.0,15.0,69.0,123.0,408.0,265.0,39.0,nap
06055200400,1673.0,101.0,152.0,565.0,626.0,196.0,33.0,nap
06055200501,1880.0,39.0,256.0,808.0,657.0,110.0,10.0,nap
06055200503,812.0,70.0,246.0,300.0,174.0,15.0,7.0,nap
06055200504,2471.0,133.0,236.0,952.0,1018.0,122.0,10.0,nap
06055200505,1062.0,0.0,202.0,507.0,239.0,114.0,0.0,nap
06055200601,1702.0,0.0,39.0,236.0,956.0,415.0,56.0,nap
06055200602,1948.0,88.0,228.0,459.0,724.0,411.0,38.0,nap
06055200703,1199.0,0.0,12.0,47.0,624.0,396.0,120.0,nap
06055200704,1734.0,139.0,236.0,206.0,986.0,146.0,21.0,nap
06055200705,1066.0,0.0,128.0,397.0,383.0,149.0,9.0,nap
06055200706,1160.0,21.0,0.0,73.0,538.0,471.0,57.0,nap
06055200707,1395.0,52.0,372.0,245.0,423.0,303.0,0.0,nap
06055200802,2419.0,45.0,324.0,984.0,775.0,282.0,9.0,nap
06055200803,882.0,15.0,172.0,149.0,234.0,286.0,26.0,nap
06055200804,1773.0,9.0,413.0,671.0,652.0,28.0,0.0,nap
06055200900,17.0,0.0,11.0,0.0,0.0,6.0,0.0,nap
06055201003,1286.0,12.0,216.0,186.0,355.0,235.0,282.0,nap
06055201004,1958.0,0.0,31.0,533.0,527.0,428.0,439.0,nap
06055201005,673.0,0.0,6.0,82.0,306.0,179.0,100.0,nap
06055201006,904.0,10.0,0.0,30.0,533.0,211.0,120.0,nap
06055201007,1121.0,13.0,0.0,58.0,370.0,449.0,231.0,nap
06055201101,782.0,0.0,0.0,35.0,440.0,210.0,97.0,nap
06055201102,970.0,41.0,149.0,370.0,297.0,93.0,20.0,nap
06055201200,2166.0,31.0,10.0,1016.0,764.0,312.0,33.0,nap
06055201300,1363.0,32.0,162.0,537.0,462.0,150.0,20.0,nap
06055201401,2157.0,116.0,174.0,475.0,802.0,536.0,54.0,nap
06055201402,1231.0,21.0,94.0,224.0,632.0,224.0,36.0,nap
06055201403,412.0,5.0,12.0,145.0,68.0,156.0,26.0,nap
06055201500,1087.0,0.0,125.0,269.0,477.0,205.0,11.0,nap
06055201601,1101.0,81.0,87.0,432.0,422.0,79.0,0.0,nap
06055201602,1839.0,90.0,148.0,624.0,851.0,94.0,32.0,nap
06055201700,2121.0,25.0,386.0,534.0,881.0,205.0,90.0,nap
06055201800,1015.0,73.0,65.0,276.0,467.0,125.0,9.0,nap
06055201900,793.0,60.0,208.0,217.0,237.0,61.0,10.0,nap
06055202000,2255.0,0.0,373.0,1110.0,676.0,84.0,12.0,nap
06075010100,2319.0,617.0,1008.0,546.0,102.0,46.0,0.0,sfr
06075010200,2946.0,391.0,1430.0,706.0,230.0,125.0,64.0,sfr
06075010300,2254.0,190.0,559.0,1036.0,328.0,110.0,31.0,sfr
06075010400,2889.0,227.0,1068.0,1150.0,416.0,28.0,0.0,sfr
06075010500,1946.0,240.0,818.0,649.0,229.0,10.0,0.0,sfr
06075010600,2207.0,598.0,804.0,559.0,202.0,25.0,19.0,sfr
06075010700,2927.0,1413.0,661.0,409.0,176.0,149.0,119.0,sfr
06075010800,2785.0,271.0,1175.0,945.0,256.0,94.0,44.0,sfr
06075010900,2930.0,477.0,1064.0,930.0,405.0,30.0,24.0,sfr
06075011000,2728.0,415.0,1119.0,779.0,261.0,112.0,42.0,sfr
06075011100,3181.0,950.0,1400.0,413.0,364.0,22.0,32.0,sfr
06075011200,2374.0,267.0,1023.0,657.0,219.0,121.0,87.0,sfr
06075011300,1660.0,511.0,636.0,331.0,141.0,41.0,0.0,sfr
06075011700,1259.0,755.0,332.0,130.0,11.0,0.0,31.0,sfr
06075011800,748.0,327.0,216.0,116.0,31.0,8.0,50.0,sfr
06075011901,1830.0,681.0,791.0,287.0,25.0,46.0,0.0,sfr
06075011902,1968.0,832.0,767.0,308.0,53.0,8.0,0.0,sfr
06075012000,2788.0,1706.0,865.0,131.0,27.0,0.0,59.0,sfr
06075012100,2371.0,1408.0,708.0,188.0,45.0,0.0,22.0,sfr
06075012201,2877.0,1619.0,1027.0,202.0,0.0,0.0,29.0,sfr
06075012202,1618.0,826.0,662.0,75.0,0.0,0.0,55.0,sfr
06075012301,1814.0,1413.0,368.0,0.0,13.0,0.0,20.0,sfr
06075012302,2394.0,1526.0,659.0,176.0,12.0,13.0,8.0,sfr
06075012401,2825.0,2230.0,464.0,11.0,57.0,0.0,63.0,sfr
06075012402,2251.0,1195.0,784.0,200.0,17.0,17.0,38.0,sfr
06075012501,2557.0,1730.0,602.0,99.0,114.0,0.0,12.0,sfr
06075012502,2474.0,1578.0,572.0,39.0,118.0,0.0,167.0,sfr
06075012601,1666.0,253.0,779.0,333.0,222.0,79.0,0.0,sfr
06075012602,1945.0,145.0,989.0,400.0,280.0,116.0,15.0,sfr
06075012700,2260.0,451.0,944.0,400.0,333.0,70.0,62.0,sfr
06075012800,2642.0,359.0,848.0,785.0,371.0,181.0,98.0,sfr
06075012901,1694.0,154.0,928.0,383.0,229.0,0.0,0.0,sfr
06075012902,2193.0,350.0,958.0,676.0,133.0,76.0,0.0,sfr
06075013000,2709.0,414.0,1104.0,640.0,342.0,159.0,50.0,sfr
06075013101,2578.0,361.0,1090.0,762.0,334.0,12.0,19.0,sfr
06075013102,1776.0,200.0,718.0,656.0,110.0,80.0,12.0,sfr
06075013200,2625.0,253.0,690.0,701.0,449.0,287.0,245.0,sfr
06075013300,2100.0,38.0,508.0,608.0,429.0,256.0,261.0,sfr
06075013400,2253.0,331.0,840.0,498.0,442.0,112.0,30.0,sfr
06075013500,1841.0,459.0,816.0,263.0,175.0,62.0,66.0,sfr
06075015100,1777.0,355.0,909.0,391.0,85.0,14.0,23.0,sfr
06075015200,2564.0,449.0,1153.0,596.0,191.0,109.0,66.0,sfr
06075015300,1033.0,197.0,249.0,234.0,226.0,109.0,18.0,sfr
06075015400,3069.0,243.0,1052.0,944.0,522.0,235.0,73.0,sfr
06075015500,2500.0,543.0,1319.0,413.0,190.0,29.0,6.0,sfr
06075015600,1351.0,128.0,316.0,507.0,321.0,34.0,45.0,sfr
06075015700,2746.0,158.0,950.0,1028.0,461.0,129.0,20.0,sfr
06075015801,1786.0,169.0,735.0,570.0,215.0,85.0,12.0,sfr
06075015802,1596.0,220.0,745.0,369.0,161.0,101.0,0.0,sfr
06075015900,2360.0,501.0,831.0,639.0,363.0,26.0,0.0,sfr
06075016000,1764.0,453.0,924.0,326.0,46.0,6.0,9.0,sfr
06075016100,2958.0,473.0,1275.0,705.0,480.0,25.0,0.0,sfr
06075016200,1599.0,399.0,725.0,236.0,212.0,0.0,27.0,sfr
06075016300,2157.0,244.0,691.0,679.0,369.0,131.0,43.0,sfr
06075016400,1968.0,399.0,717.0,379.0,297.0,92.0,84.0,sfr
06075016500,2533.0,105.0,1004.0,957.0,326.0,62.0,79.0,sfr
06075016600,2702.0,145.0,1116.0,999.0,290.0,82.0,70.0,sfr
06075016700,2529.0,212.0,845.0,903.0,327.0,159.0,83.0,sfr
06075016801,1747.0,251.0,568.0,599.0,233.0,91.0,5.0,sfr
06075016802,1963.0,437.0,824.0,479.0,112.0,84.0,27.0,sfr
06075016900,1784.0,128.0,727.0,602.0,224.0,91.0,12.0,sfr
06075017000,2386.0,62.0,792.0,785.0,532.0,185.0,30.0,sfr
06075017101,1923.0,126.0,815.0,495.0,305.0,93.0,89.0,sfr
06075017102,1835.0,66.0,505.0,736.0,406.0,81.0,41.0,sfr
06075017601,4526.0,2292.0,1200.0,641.0,274.0,34.0,85.0,sfr
06075017700,828.0,58.0,343.0,284.0,129.0,14.0,0.0,sfr
06075017801,2494.0,809.0,1473.0,186.0,14.0,0.0,12.0,sfr
06075017802,2188.0,531.0,805.0,472.0,164.0,193.0,23.0,sfr
06075017902,880.0,0.0,0.0,287.0,384.0,209.0,0.0,sfr
06075018000,1535.0,328.0,648.0,493.0,66.0,0.0,0.0,sfr
06075020100,3039.0,906.0,1032.0,638.0,311.0,53.0,99.0,sfr
06075020200,3457.0,543.0,1352.0,916.0,436.0,101.0,109.0,sfr
06075020300,1816.0,208.0,699.0,643.0,229.0,8.0,29.0,sfr
06075020401,1804.0,96.0,644.0,525.0,370.0,151.0,18.0,sfr
06075020402,2600.0,63.0,975.0,1155.0,395.0,12.0,0.0,sfr
06075020500,1410.0,98.0,391.0,581.0,247.0,93.0,0.0,sfr
06075020600,2841.0,160.0,1168.0,799.0,495.0,176.0,43.0,sfr
06075020700,2852.0,305.0,964.0,900.0,439.0,176.0,68.0,sfr
06075020800,2710.0,701.0,688.0,692.0,456.0,139.0,34.0,sfr
06075020900,1915.0,306.0,623.0,587.0,178.0,165.0,56.0,sfr
06075021000,2204.0,246.0,639.0,815.0,328.0,110.0,66.0,sfr
06075021100,2019.0,107.0,476.0,742.0,558.0,121.0,15.0,sfr
06075021200,1544.0,27.0,308.0,507.0,569.0,108.0,25.0,sfr
06075021300,1281.0,81.0,176.0,477.0,419.0,128.0,0.0,sfr
06075021400,1799.0,27.0,608.0,660.0,366.0,113.0,25.0,sfr
06075021500,2714.0,117.0,904.0,1149.0,324.0,160.0,60.0,sfr
06075021600,2242.0,71.0,584.0,758.0,589.0,225.0,15.0,sfr
06075021700,2011.0,90.0,593.0,511.0,549.0,219.0,49.0,sfr
06075021800,1942.0,51.0,380.0,801.0,510.0,168.0,32.0,sfr
06075022600,867.0,120.0,269.0,297.0,120.0,51.0,10.0,sfr
06075022702,1072.0,77.0,272.0,331.0,254.0,138.0,0.0,sfr
06075022704,1655.0,84.0,425.0,693.0,402.0,39.0,12.0,sfr
06075022801,1818.0,131.0,430.0,776.0,425.0,31.0,25.0,sfr
06075022802,666.0,36.0,169.0,144.0,269.0,43.0,5.0,sfr
06075022803,1633.0,205.0,422.0,535.0,245.0,189.0,37.0,sfr
06075022901,1547.0,160.0,278.0,567.0,398.0,118.0,26.0,sfr
06075022902,864.0,23.0,67.0,442.0,292.0,20.0,20.0,sfr
06075022903,1110.0,44.0,278.0,468.0,235.0,67.0,18.0,sfr
06075023001,1458.0,27.0,76.0,639.0,442.0,194.0,80.0,sfr
06075023003,1213.0,0.0,76.0,415.0,494.0,175.0,53.0,sfr
06075023102,1374.0,83.0,211.0,496.0,510.0,74.0,0.0,sfr
06075023103,1384.0,16.0,213.0,523.0,429.0,197.0,6.0,sfr
06075023200,1359.0,27.0,104.0,461.0,537.0,142.0,88.0,sfr
06075023300,892.0,65.0,31.0,296.0,310.0,127.0,63.0,sfr
06075023400,1080.0,167.0,83.0,343.0,178.0,231.0,78.0,sfr
06075025100,1377.0,49.0,175.0,410.0,547.0,180.0,16.0,sfr
06075025200,2267.0,29.0,389.0,884.0,658.0,286.0,21.0,sfr
06075025300,1963.0,160.0,399.0,799.0,498.0,94.0,13.0,sfr
06075025401,1405.0,27.0,315.0,591.0,382.0,90.0,0.0,sfr
06075025402,1138.0,0.0,69.0,534.0,418.0,117.0,0.0,sfr
06075025403,1551.0,46.0,210.0,595.0,498.0,104.0,98.0,sfr
06075025500,2483.0,85.0,172.0,1072.0,819.0,203.0,132.0,sfr
06075025600,1617.0,0.0,49.0,753.0,574.0,135.0,106.0,sfr
06075025701,1392.0,48.0,41.0,623.0,468.0,157.0,55.0,sfr
06075025702,1204.0,7.0,202.0,440.0,477.0,43.0,35.0,sfr
06075025800,640.0,0.0,159.0,180.0,259.0,32.0,10.0,sfr
06075025900,1404.0,0.0,44.0,488.0,479.0,268.0,125.0,sfr
06075026001,1568.0,76.0,209.0,455.0,452.0,233.0,143.0,sfr
06075026002,1006.0,0.0,98.0,421.0,360.0,109.0,18.0,sfr
06075026003,1349.0,0.0,153.0,661.0,290.0,245.0,0.0,sfr
06075026004,1205.0,30.0,200.0,441.0,262.0,159.0,113.0,sfr
06075026100,1893.0,66.0,134.0,908.0,496.0,237.0,52.0,sfr
06075026200,1980.0,79.0,263.0,828.0,520.0,213.0,77.0,sfr
06075026301,1275.0,104.0,99.0,509.0,304.0,170.0,89.0,sfr
06075026302,1445.0,34.0,159.0,559.0,559.0,66.0,68.0,sfr
06075026303,1309.0,34.0,72.0,409.0,466.0,254.0,74.0,sfr
06075026401,1083.0,0.0,23.0,363.0,505.0,156.0,36.0,sfr
06075026402,1133.0,0.0,19.0,328.0,590.0,160.0,36.0,sfr
06075026403,1133.0,39.0,26.0,479.0,298.0,218.0,73.0,sfr
06075026404,712.0,0.0,54.0,172.0,190.0,268.0,28.0,sfr
06075030101,2139.0,189.0,747.0,508.0,430.0,151.0,114.0,sfr
06075030102,2408.0,117.0,659.0,850.0,503.0,279.0,0.0,sfr
06075030201,1913.0,111.0,617.0,751.0,230.0,140.0,64.0,sfr
06075030202,2232.0,97.0,698.0,1001.0,263.0,146.0,27.0,sfr
06075030301,2577.0,19.0,416.0,952.0,835.0,230.0,125.0,sfr
06075030302,1375.0,0.0,49.0,460.0,542.0,252.0,72.0,sfr
06075030400,2027.0,22.0,117.0,624.0,596.0,479.0,189.0,sfr
06075030500,1069.0,29.0,86.0,276.0,505.0,150.0,23.0,sfr
06075030600,916.0,0.0,29.0,336.0,315.0,218.0,18.0,sfr
06075030700,2777.0,0.0,46.0,985.0,1218.0,380.0,148.0,sfr
06075030800,2308.0,20.0,161.0,530.0,957.0,459.0,181.0,sfr
06075030900,2466.0,0.0,49.0,356.0,1212.0,612.0,237.0,sfr
06075031000,1366.0,50.0,60.0,519.0,477.0,216.0,44.0,sfr
06075031100,2560.0,41.0,373.0,1064.0,847.0,171.0,64.0,sfr
06075031201,1825.0,96.0,192.0,605.0,596.0,177.0,159.0,sfr
06075031202,910.0,0.0,52.0,373.0,299.0,178.0,8.0,sfr
06075031301,1348.0,26.0,57.0,429.0,453.0,239.0,144.0,sfr
06075031302,1959.0,26.0,280.0,711.0,720.0,168.0,54.0,sfr
06075031400,1974.0,96.0,350.0,672.0,458.0,270.0,128.0,sfr
06075032601,1826.0,43.0,547.0,586.0,395.0,206.0,49.0,sfr
06075032602,1767.0,81.0,180.0,844.0,394.0,254.0,14.0,sfr
06075032700,2504.0,41.0,235.0,1150.0,742.0,285.0,51.0,sfr
06075032801,1470.0,70.0,202.0,523.0,444.0,172.0,59.0,sfr
06075032802,1478.0,18.0,157.0,730.0,430.0,96.0,47.0,sfr
06075032901,1808.0,0.0,125.0,717.0,716.0,237.0,13.0,sfr
06075032902,1379.0,12.0,58.0,656.0,489.0,135.0,29.0,sfr
06075033000,2834.0,2.0,179.0,1209.0,939.0,395.0,110.0,sfr
06075033100,1522.0,0.0,10.0,347.0,760.0,301.0,104.0,sfr
06075033201,800.0,0.0,225.0,421.0,109.0,34.0,11.0,sfr
06075033203,1593.0,0.0,407.0,1005.0,142.0,39.0,0.0,sfr
06075033204,1715.0,29.0,571.0,1054.0,61.0,0.0,0.0,sfr
06075035100,2889.0,108.0,299.0,1146.0,997.0,280.0,59.0,sfr
06075035201,1980.0,30.0,332.0,934.0,443.0,189.0,52.0,sfr
06075035202,1883.0,115.0,378.0,747.0,457.0,143.0,43.0,sfr
06075035300,2568.0,55.0,178.0,834.0,1058.0,288.0,155.0,sfr
06075035400,2419.0,81.0,444.0,875.0,798.0,148.0,73.0,sfr
06075040100,2086.0,186.0,506.0,894.0,241.0,149.0,110.0,sfr
06075040200,2525.0,172.0,716.0,803.0,527.0,171.0,136.0,sfr
06075042601,1831.0,122.0,514.0,844.0,275.0,67.0,9.0,sfr
06075042602,1553.0,0.0,622.0,408.0,416.0,70.0,37.0,sfr
06075042700,2614.0,151.0,649.0,1002.0,671.0,48.0,93.0,sfr
06075042800,1017.0,0.0,26.0,241.0,365.0,202.0,183.0,sfr
06075045100,2331.0,16.0,760.0,861.0,408.0,163.0,123.0,sfr
06075045200,2981.0,152.0,827.0,918.0,644.0,359.0,81.0,sfr
06075047600,2390.0,16.0,529.0,1119.0,577.0,122.0,27.0,sfr
06075047701,2068.0,125.0,544.0,747.0,487.0,137.0,28.0,sfr
06075047702,1637.0,103.0,317.0,614.0,432.0,148.0,23.0,sfr
06075047801,1798.0,17.0,272.0,975.0,368.0,148.0,18.0,sfr
06075047802,1655.0,165.0,244.0,620.0,470.0,98.0,58.0,sfr
06075047901,2802.0,141.0,434.0,1125.0,858.0,117.0,127.0,sfr
06075047902,1649.0,178.0,257.0,569.0,392.0,182.0,71.0,sfr
06075060100,1280.0,31.0,56.0,441.0,371.0,297.0,84.0,sfr
06075060400,1303.0,307.0,631.0,224.0,122.0,0.0,19.0,sfr
06075060502,1028.0,9.0,81.0,577.0,312.0,46.0,3.0,sfr
06075060700,4401.0,300.0,1969.0,1896.0,161.0,75.0,0.0,sfr
06075061000,1406.0,54.0,245.0,449.0,419.0,190.0,49.0,sfr
06075061100,2388.0,1244.0,521.0,441.0,33.0,72.0,77.0,sfr
06075061200,1195.0,10.0,218.0,408.0,367.0,121.0,71.0,sfr
06075061400,2600.0,142.0,636.0,867.0,810.0,145.0,0.0,sfr
06075061500,8003.0,1327.0,2959.0,2859.0,750.0,94.0,14.0,sfr
06075980200,91.0,4.0,10.0,55.0,13.0,0.0,9.0,sfr
06075980300,27.0,4.0,23.0,0.0,0.0,0.0,0.0,sfr
06075980401,0.0,0.0,0.0,0.0,0.0,0.0,0.0,sfr
06075980501,244.0,12.0,112.0,74.0,28.0,4.0,14.0,sfr
06075980600,155.0,0.0,0.0,77.0,73.0,5.0,0.0,sfr
06075980900,212.0,53.0,150.0,0.0,5.0,0.0,4.0,sfr
06075990100,0.0,0.0,0.0,0.0,0.0,0.0,0.0,sfr
06081600100,2140.0,136.0,383.0,736.0,595.0,215.0,75.0,san
06081600200,1103.0,14.0,72.0,473.0,210.0,300.0,34.0,san
06081600300,1377.0,69.0,23.0,214.0,612.0,434.0,25.0,san
06081600401,1089.0,14.0,38.0,663.0,230.0,139.0,5.0,san
06081600402,1281.0,0.0,68.0,419.0,469.0,233.0,92.0,san
06081600500,2205.0,55.0,126.0,661.0,895.0,434.0,34.0,san
06081600600,1537.0,85.0,291.0,557.0,404.0,195.0,5.0,san
06081600700,2178.0,72.0,239.0,908.0,664.0,232.0,63.0,san
06081600800,2966.0,297.0,1544.0,979.0,146.0,0.0,0.0,san
06081600900,1474.0,0.0,84.0,482.0,713.0,171.0,24.0,san
06081601000,2035.0,16.0,18.0,157.0,1248.0,416.0,180.0,san
06081601100,1944.0,0.0,100.0,604.0,853.0,326.0,61.0,san
06081601200,2144.0,100.0,156.0,807.0,974.0,107.0,0.0,san
06081601300,2650.0,68.0,990.0,763.0,581.0,212.0,36.0,san
06081601400,1973.0,67.0,207.0,312.0,854.0,327.0,206.0,san
06081601501,1373.0,7.0,72.0,86.0,652.0,401.0,155.0,san
06081601502,1745.0,354.0,622.0,477.0,132.0,61.0,99.0,san
06081601601,924.0,11.0,84.0,357.0,386.0,60.0,26.0,san
06081601603,1965.0,115.0,259.0,230.0,888.0,423.0,50.0,san
06081601604,1262.0,69.0,509.0,490.0,175.0,19.0,0.0,san
06081601605,1741.0,0.0,0.0,90.0,1010.0,562.0,79.0,san
06081601700,1364.0,0.0,13.0,113.0,997.0,208.0,33.0,san
06081601800,2109.0,12.0,41.0,277.0,1368.0,368.0,43.0,san
06081601901,1503.0,0.0,237.0,343.0,666.0,157.0,100.0,san
06081601902,2360.0,39.0,1085.0,921.0,242.0,67.0,6.0,san
06081602000,2658.0,32.0,103.0,528.0,1371.0,535.0,89.0,san
06081602100,1055.0,28.0,176.0,473.0,292.0,57.0,29.0,san
06081602200,2726.0,135.0,724.0,1366.0,378.0,103.0,20.0,san
06081602300,1219.0,33.0,137.0,180.0,574.0,198.0,97.0,san
06081602400,2791.0,179.0,513.0,428.0,1145.0,395.0,131.0,san
06081602500,1576.0,0.0,99.0,79.0,447.0,656.0,295.0,san
06081602600,2866.0,53.0,93.0,992.0,1112.0,589.0,27.0,san
06081602700,2003.0,0.0,320.0,342.0,866.0,445.0,30.0,san
06081602800,1552.0,10.0,59.0,322.0,698.0,340.0,123.0,san
06081602900,1706.0,43.0,478.0,396.0,589.0,176.0,24.0,san
06081603000,1996.0,75.0,546.0,579.0,545.0,192.0,59.0,san
06081603100,1261.0,0.0,81.0,253.0,737.0,174.0,16.0,san
06081603200,1472.0,7.0,38.0,166.0,895.0,351.0,15.0,san
06081603300,2383.0,44.0,82.0,267.0,1295.0,532.0,163.0,san
06081603400,2131.0,0.0,153.0,273.0,759.0,849.0,97.0,san
06081603700,1741.0,0.0,0.0,111.0,1211.0,311.0,108.0,san
06081603801,1529.0,366.0,809.0,330.0,0.0,24.0,0.0,san
06081603802,1920.0,0.0,139.0,295.0,1111.0,309.0,66.0,san
06081603900,2103.0,121.0,369.0,575.0,841.0,197.0,0.0,san
06081604000,1142.0,0.0,17.0,177.0,648.0,300.0,0.0,san
06081604101,2675.0,30.0,563.0,1360.0,483.0,221.0,18.0,san
06081604102,1515.0,174.0,784.0,521.0,36.0,0.0,0.0,san
06081604200,1136.0,10.0,155.0,397.0,424.0,130.0,20.0,san
06081604400,1688.0,183.0,349.0,589.0,368.0,184.0,15.0,san
06081604500,1366.0,141.0,128.0,184.0,639.0,236.0,38.0,san
06081604600,948.0,0.0,0.0,21.0,623.0,269.0,35.0,san
06081604700,1014.0,11.0,14.0,133.0,487.0,290.0,79.0,san
06081604800,2001.0,0.0,301.0,743.0,764.0,193.0,0.0,san
06081604900,1282.0,13.0,138.0,184.0,575.0,310.0,62.0,san
06081605000,3036.0,31.0,544.0,522.0,750.0,895.0,294.0,san
06081605100,1440.0,62.0,483.0,525.0,259.0,111.0,0.0,san
06081605200,1365.0,0.0,178.0,165.0,565.0,372.0,85.0,san
06081605300,1964.0,65.0,474.0,475.0,555.0,315.0,80.0,san
06081605400,2851.0,293.0,787.0,946.0,528.0,198.0,99.0,san
06081605500,2971.0,335.0,1356.0,881.0,234.0,123.0,42.0,san
06081605600,2010.0,0.0,0.0,21.0,333.0,974.0,682.0,san
06081605700,1801.0,0.0,7.0,73.0,310.0,796.0,615.0,san
06081605800,1043.0,0.0,129.0,267.0,301.0,217.0,129.0,san
06081605900,2653.0,265.0,904.0,1237.0,184.0,39.0,24.0,san
06081606000,2284.0,172.0,802.0,868.0,342.0,51.0,49.0,san
06081606100,1359.0,79.0,113.0,340.0,601.0,118.0,108.0,san
06081606200,2337.0,14.0,515.0,1035.0,667.0,87.0,19.0,san
06081606300,1964.0,204.0,484.0,1019.0,236.0,7.0,14.0,san
06081606400,2718.0,251.0,744.0,1153.0,439.0,131.0,0.0,san
06081606500,1341.0,10.0,69.0,175.0,547.0,479.0,61.0,san
06081606600,1449.0,28.0,226.0,556.0,434.0,137.0,68.0,san
06081606700,961.0,16.0,46.0,147.0,507.0,202.0,43.0,san
06081606800,1319.0,41.0,144.0,104.0,547.0,328.0,155.0,san
06081606900,888.0,0.0,52.0,52.0,246.0,509.0,29.0,san
06081607000,1432.0,10.0,197.0,338.0,548.0,226.0,113.0,san
06081607100,1128.0,0.0,28.0,114.0,705.0,240.0,41.0,san
06081607200,1715.0,126.0,416.0,789.0,339.0,21.0,24.0,san
06081607300,1351.0,0.0,36.0,217.0,848.0,193.0,57.0,san
06081607400,1903.0,45.0,436.0,700.0,535.0,162.0,25.0,san
06081607500,1646.0,45.0,433.0,460.0,609.0,99.0,0.0,san
06081607600,1281.0,56.0,192.0,381.0,432.0,173.0,47.0,san
06081607701,1196.0,0.0,209.0,325.0,362.0,231.0,69.0,san
06081607702,809.0,11.0,11.0,75.0,609.0,60.0,43.0,san
06081607800,1001.0,0.0,21.0,7.0,732.0,182.0,59.0,san
06081607900,1775.0,30.0,517.0,886.0,296.0,46.0,0.0,san
06081608001,1531.0,32.0,461.0,544.0,241.0,169.0,84.0,san
06081608002,1404.0,0.0,8.0,284.0,699.0,392.0,21.0,san
06081608004,2917.0,12.0,915.0,1075.0,528.0,280.0,107.0,san
06081608013,1561.0,19.0,187.0,528.0,410.0,321.0,96.0,san
06081608023,868.0,0.0,0.0,27.0,353.0,437.0,51.0,san
06081608100,1341.0,0.0,246.0,292.0,327.0,389.0,87.0,san
06081608200,1359.0,10.0,189.0,258.0,352.0,449.0,101.0,san
06081608300,1394.0,22.0,426.0,273.0,316.0,268.0,89.0,san
06081608400,2202.0,25.0,681.0,744.0,573.0,164.0,15.0,san
06081608501,1785.0,14.0,116.0,533.0,929.0,158.0,35.0,san
06081608502,1203.0,11.0,434.0,378.0,186.0,170.0,24.0,san
06081608600,1850.0,39.0,583.0,416.0,686.0,126.0,0.0,san
06081608700,2814.0,130.0,459.0,482.0,968.0,622.0,153.0,san
06081608800,2174.0,0.0,0.0,223.0,1062.0,661.0,228.0,san
06081608900,3116.0,296.0,716.0,920.0,632.0,401.0,151.0,san
06081609000,1045.0,63.0,109.0,109.0,581.0,170.0,13.0,san
06081609100,603.0,14.0,78.0,218.0,216.0,77.0,0.0,san
06081609201,1616.0,88.0,246.0,567.0,549.0,166.0,0.0,san
06081609202,1880.0,14.0,861.0,513.0,406.0,86.0,0.0,san
06081609300,1265.0,41.0,92.0,213.0,682.0,174.0,63.0,san
06081609400,1113.0,0.0,0.0,248.0,514.0,303.0,48.0,san
06081609500,1764.0,22.0,80.0,216.0,827.0,476.0,143.0,san
06081609601,1212.0,6.0,58.0,315.0,455.0,300.0,78.0,san
06081609602,640.0,0.0,0.0,117.0,348.0,152.0,23.0,san
06081609603,2139.0,0.0,0.0,536.0,1086.0,376.0,141.0,san
06081609700,1638.0,28.0,69.0,169.0,572.0,656.0,144.0,san
06081609800,1752.0,53.0,95.0,292.0,860.0,377.0,75.0,san
06081609900,1122.0,24.0,13.0,233.0,557.0,200.0,95.0,san
06081610000,2078.0,292.0,549.0,313.0,545.0,349.0,30.0,san
06081610100,923.0,35.0,236.0,316.0,301.0,35.0,0.0,san
06081610201,1834.0,172.0,932.0,313.0,294.0,80.0,43.0,san
06081610202,767.0,98.0,414.0,169.0,79.0,0.0,7.0,san
06081610203,1044.0,157.0,385.0,447.0,53.0,0.0,2.0,san
06081610302,892.0,103.0,239.0,340.0,210.0,0.0,0.0,san
06081610303,3122.0,14.0,411.0,1051.0,847.0,705.0,94.0,san
06081610304,1830.0,8.0,324.0,579.0,549.0,324.0,46.0,san
06081610400,1684.0,148.0,115.0,873.0,404.0,140.0,4.0,san
06081610500,1426.0,72.0,215.0,638.0,482.0,10.0,9.0,san
06081610601,1679.0,133.0,445.0,818.0,245.0,27.0,11.0,san
06081610602,1228.0,0.0,116.0,460.0,456.0,149.0,47.0,san
06081610700,2142.0,165.0,422.0,770.0,639.0,138.0,8.0,san
06081610800,1685.0,123.0,515.0,909.0,108.0,30.0,0.0,san
06081610900,2507.0,0.0,781.0,997.0,579.0,112.0,38.0,san
06081611000,2311.0,59.0,303.0,896.0,909.0,105.0,39.0,san
06081611100,2316.0,0.0,62.0,385.0,1047.0,586.0,236.0,san
06081611200,1102.0,13.0,22.0,163.0,733.0,130.0,41.0,san
06081611300,2035.0,41.0,183.0,463.0,820.0,482.0,46.0,san
06081611400,1470.0,0.0,10.0,51.0,263.0,481.0,665.0,san
06081611500,996.0,0.0,28.0,17.0,256.0,490.0,205.0,san
06081611600,849.0,0.0,13.0,183.0,467.0,158.0,28.0,san
06081611700,1501.0,0.0,250.0,288.0,625.0,212.0,126.0,san
06081611800,929.0,27.0,16.0,54.0,677.0,75.0,80.0,san
06081611900,2573.0,240.0,59.0,608.0,1015.0,496.0,155.0,san
06081612000,1598.0,103.0,202.0,257.0,688.0,274.0,74.0,san
06081612100,3061.0,564.0,1196.0,917.0,329.0,55.0,0.0,san
06081612500,2285.0,110.0,542.0,778.0,585.0,250.0,20.0,san
06081612600,2364.0,115.0,597.0,1244.0,341.0,40.0,27.0,san
06081612700,839.0,0.0,7.0,133.0,317.0,268.0,114.0,san
06081612800,1215.0,0.0,15.0,69.0,438.0,485.0,208.0,san
06081612900,1859.0,34.0,97.0,426.0,780.0,442.0,80.0,san
06081613000,1624.0,22.0,152.0,566.0,547.0,228.0,109.0,san
06081613200,2791.0,67.0,232.0,466.0,711.0,867.0,448.0,san
06081613300,1105.0,16.0,59.0,116.0,363.0,432.0,119.0,san
06081613400,1377.0,0.0,138.0,163.0,400.0,360.0,316.0,san
06081613501,1359.0,19.0,19.0,389.0,421.0,461.0,50.0,san
06081613502,2352.0,34.0,115.0,510.0,967.0,590.0,136.0,san
06081613600,2201.0,133.0,126.0,421.0,894.0,577.0,50.0,san
06081613700,3530.0,126.0,199.0,1161.0,1385.0,547.0,112.0,san
06081613800,2023.0,68.0,349.0,785.0,547.0,216.0,58.0,san
06081613900,2254.0,57.0,358.0,517.0,782.0,433.0,107.0,san
06081614000,1711.0,9.0,97.0,175.0,664.0,485.0,281.0,san
06081984300,0.0,0.0,0.0,0.0,0.0,0.0,0.0,san
06081990100,0.0,0.0,0.0,0.0,0.0,0.0,0.0,san
06085500100,2215.0,60.0,382.0,1004.0,620.0,149.0,0.0,scl
06085500200,2114.0,12.0,804.0,1034.0,208.0,18.0,38.0,scl
06085500300,1403.0,110.0,462.0,455.0,262.0,107.0,7.0,scl
06085500400,1051.0,71.0,263.0,259.0,292.0,96.0,70.0,scl
06085500500,2046.0,94.0,313.0,462.0,711.0,322.0,144.0,scl
06085500600,2255.0,109.0,563.0,960.0,359.0,225.0,39.0,scl
06085500800,1599.0,207.0,533.0,599.0,166.0,36.0,58.0,scl
06085500901,2056.0,387.0,1056.0,463.0,69.0,30.0,51.0,scl
06085500902,664.0,103.0,227.0,253.0,16.0,26.0,39.0,scl
06085501000,2099.0,359.0,953.0,501.0,227.0,14.0,45.0,scl
06085501101,1769.0,151.0,639.0,790.0,115.0,36.0,38.0,scl
06085501102,1389.0,109.0,118.0,634.0,383.0,121.0,24.0,scl
06085501200,1407.0,156.0,307.0,578.0,300.0,37.0,29.0,scl
06085501300,1216.0,110.0,183.0,149.0,556.0,146.0,72.0,scl
06085501401,1027.0,82.0,480.0,326.0,132.0,7.0,0.0,scl
06085501402,853.0,33.0,62.0,518.0,192.0,40.0,8.0,scl
06085501501,1235.0,128.0,244.0,422.0,305.0,136.0,0.0,scl
06085501502,1164.0,197.0,176.0,316.0,113.0,258.0,104.0,scl
06085501600,2643.0,352.0,855.0,737.0,495.0,116.0,88.0,scl
06085501700,1262.0,26.0,373.0,277.0,454.0,125.0,7.0,scl
06085501800,1793.0,44.0,322.0,637.0,531.0,186.0,73.0,scl
06085501900,2292.0,57.0,763.0,957.0,481.0,12.0,22.0,scl
06085502001,2325.0,142.0,759.0,741.0,531.0,98.0,54.0,scl
06085502002,1733.0,97.0,518.0,816.0,203.0,92.0,7.0,scl
06085502101,2051.0,0.0,301.0,759.0,657.0,253.0,81.0,scl
06085502102,2781.0,72.0,1055.0,965.0,550.0,139.0,0.0,scl
06085502201,3011.0,122.0,997.0,1383.0,473.0,36.0,0.0,scl
06085502202,1460.0,51.0,339.0,587.0,350.0,112.0,21.0,scl
06085502301,1316.0,0.0,169.0,400.0,553.0,180.0,14.0,scl
06085502302,1291.0,9.0,402.0,344.0,404.0,85.0,47.0,scl
06085502400,2939.0,0.0,109.0,1048.0,1217.0,427.0,138.0,scl
06085502500,2507.0,23.0,95.0,575.0,1289.0,441.0,84.0,scl
06085502601,1227.0,73.0,53.0,180.0,387.0,421.0,113.0,scl
06085502603,1048.0,57.0,72.0,208.0,498.0,166.0,47.0,scl
06085502604,2276.0,173.0,835.0,1052.0,160.0,43.0,13.0,scl
06085502701,2077.0,32.0,306.0,763.0,606.0,304.0,66.0,scl
06085502702,3264.0,31.0,332.0,944.0,1262.0,609.0,86.0,scl
06085502800,1502.0,0.0,18.0,63.0,979.0,285.0,157.0,scl
06085502901,2265.0,16.0,368.0,393.0,1040.0,388.0,60.0,scl
06085502902,2718.0,0.0,0.0,294.0,1167.0,1113.0,144.0,scl
06085502903,1959.0,0.0,0.0,111.0,832.0,913.0,103.0,scl
06085502906,1671.0,0.0,91.0,452.0,825.0,295.0,8.0,scl
06085502907,1339.0,0.0,13.0,39.0,713.0,542.0,32.0,scl
06085502908,2388.0,64.0,66.0,374.0,963.0,821.0,100.0,scl
06085502909,2069.0,49.0,309.0,713.0,574.0,384.0,40.0,scl
06085502910,1524.0,15.0,445.0,365.0,477.0,216.0,6.0,scl
06085503001,1640.0,10.0,14.0,258.0,946.0,331.0,81.0,scl
06085503002,1339.0,31.0,129.0,73.0,676.0,349.0,81.0,scl
06085503003,1804.0,0.0,17.0,67.0,984.0,679.0,57.0,scl
06085503105,862.0,41.0,312.0,174.0,204.0,111.0,20.0,scl
06085503108,2905.0,136.0,687.0,648.0,766.0,639.0,29.0,scl
06085503110,1149.0,8.0,153.0,545.0,302.0,103.0,38.0,scl
06085503111,1120.0,0.0,0.0,105.0,666.0,300.0,49.0,scl
06085503112,1508.0,103.0,433.0,667.0,254.0,26.0,25.0,scl
06085503113,1312.0,14.0,354.0,552.0,316.0,26.0,50.0,scl
06085503115,2637.0,23.0,59.0,1251.0,970.0,272.0,62.0,scl
06085503116,2228.0,82.0,393.0,785.0,702.0,266.0,0.0,scl
06085503117,763.0,16.0,110.0,326.0,238.0,16.0,57.0,scl
06085503118,1737.0,186.0,292.0,794.0,422.0,43.0,0.0,scl
06085503121,1590.0,0.0,341.0,901.0,277.0,47.0,24.0,scl
06085503122,1210.0,334.0,229.0,364.0,259.0,0.0,24.0,scl
06085503123,1697.0,121.0,588.0,802.0,178.0,8.0,0.0,scl
06085503204,2275.0,0.0,205.0,1132.0,547.0,267.0,124.0,scl
06085503207,1043.0,0.0,0.0,133.0,420.0,450.0,40.0,scl
06085503208,870.0,0.0,3.0,32.0,419.0,329.0,87.0,scl
06085503210,938.0,13.0,10.0,84.0,420.0,319.0,92.0,scl
06085503211,1142.0,4.0,14.0,62.0,673.0,360.0,29.0,scl
06085503212,964.0,9.0,0.0,55.0,283.0,562.0,55.0,scl
06085503213,1231.0,9.0,13.0,658.0,411.0,128.0,12.0,scl
06085503214,2160.0,14.0,423.0,798.0,749.0,166.0,10.0,scl
06085503217,1089.0,0.0,40.0,391.0,459.0,199.0,0.0,scl
06085503218,1157.0,83.0,348.0,176.0,323.0,180.0,47.0,scl
06085503304,1860.0,29.0,299.0,652.0,435.0,387.0,58.0,scl
06085503305,1510.0,22.0,162.0,213.0,508.0,429.0,176.0,scl
06085503306,909.0,0.0,5.0,70.0,580.0,179.0,75.0,scl
06085503312,1127.0,11.0,0.0,145.0,407.0,461.0,103.0,scl
06085503313,1297.0,14.0,0.0,7.0,290.0,825.0,161.0,scl
06085503315,2031.0,0.0,214.0,453.0,709.0,541.0,114.0,scl
06085503321,1079.0,0.0,0.0,21.0,181.0,608.0,269.0,scl
06085503322,1025.0,7.0,0.0,46.0,330.0,550.0,92.0,scl
06085503323,1216.0,18.0,0.0,10.0,508.0,558.0,122.0,scl
06085503324,916.0,4.0,6.0,14.0,178.0,658.0,56.0,scl
06085503325,1190.0,0.0,7.0,37.0,496.0,597.0,53.0,scl
06085503326,1703.0,10.0,41.0,5.0,551.0,657.0,439.0,scl
06085503327,1430.0,169.0,19.0,34.0,472.0,540.0,196.0,scl
06085503329,951.0,0.0,0.0,45.0,339.0,376.0,191.0,scl
06085503330,2091.0,0.0,87.0,41.0,509.0,890.0,564.0,scl
06085503331,1432.0,62.0,136.0,503.0,427.0,262.0,42.0,scl
06085503332,2582.0,0.0,18.0,1641.0,399.0,395.0,129.0,scl
06085503333,1298.0,0.0,13.0,221.0,537.0,401.0,126.0,scl
06085503334,2679.0,0.0,0.0,128.0,462.0,1018.0,1071.0,scl
06085503336,894.0,16.0,5.0,121.0,374.0,356.0,22.0,scl
06085503337,970.0,19.0,3.0,186.0,476.0,247.0,39.0,scl
06085503401,960.0,5.0,12.0,65.0,689.0,153.0,36.0,scl
06085503402,1183.0,27.0,138.0,319.0,423.0,260.0,16.0,scl
06085503504,1175.0,25.0,18.0,56.0,760.0,273.0,43.0,scl
06085503506,1291.0,14.0,67.0,60.0,662.0,420.0,68.0,scl
06085503507,371.0,0.0,7.0,34.0,172.0,89.0,69.0,scl
06085503508,1288.0,8.0,103.0,166.0,624.0,261.0,126.0,scl
06085503509,880.0,0.0,0.0,26.0,410.0,357.0,87.0,scl
06085503510,1379.0,51.0,20.0,174.0,932.0,172.0,30.0,scl
06085503511,850.0,0.0,0.0,49.0,351.0,433.0,17.0,scl
06085503601,953.0,48.0,185.0,356.0,301.0,63.0,0.0,scl
06085503602,1341.0,106.0,231.0,398.0,456.0,150.0,0.0,scl
06085503703,892.0,29.0,56.0,247.0,340.0,168.0,52.0,scl
06085503707,1430.0,115.0,72.0,462.0,526.0,243.0,12.0,scl
06085503708,748.0,23.0,31.0,161.0,344.0,140.0,49.0,scl
06085503709,1425.0,140.0,55.0,631.0,416.0,183.0,0.0,scl
06085503710,967.0,59.0,307.0,192.0,265.0,113.0,31.0,scl
06085503711,1043.0,25.0,47.0,454.0,362.0,112.0,43.0,scl
06085503712,1330.0,229.0,307.0,493.0,296.0,0.0,5.0,scl
06085503713,1145.0,169.0,410.0,494.0,49.0,23.0,0.0,scl
06085503802,2343.0,63.0,173.0,321.0,1267.0,447.0,72.0,scl
06085503803,1390.0,24.0,0.0,432.0,410.0,422.0,102.0,scl
06085503804,1619.0,36.0,90.0,575.0,575.0,281.0,62.0,scl
06085503902,1621.0,33.0,54.0,598.0,741.0,161.0,34.0,scl
06085503903,937.0,33.0,180.0,77.0,404.0,171.0,72.0,scl
06085504001,1542.0,52.0,149.0,421.0,656.0,233.0,31.0,scl
06085504002,1422.0,27.0,229.0,428.0,422.0,286.0,30.0,scl
06085504101,1134.0,0.0,37.0,260.0,543.0,220.0,74.0,scl
06085504102,1445.0,13.0,80.0,214.0,870.0,192.0,76.0,scl
06085504201,1840.0,0.0,50.0,363.0,1001.0,309.0,117.0,scl
06085504202,1604.0,0.0,15.0,141.0,721.0,512.0,215.0,scl
06085504307,1781.0,0.0,91.0,424.0,504.0,634.0,128.0,scl
06085504308,1507.0,28.0,52.0,135.0,455.0,628.0,209.0,scl
06085504311,2390.0,15.0,180.0,755.0,716.0,549.0,175.0,scl
06085504314,1352.0,0.0,8.0,15.0,550.0,665.0,114.0,scl
06085504315,2009.0,69.0,31.0,358.0,739.0,703.0,109.0,scl
06085504316,1434.0,9.0,38.0,213.0,580.0,534.0,60.0,scl
06085504317,1227.0,0.0,10.0,64.0,445.0,638.0,70.0,scl
06085504318,1551.0,47.0,77.0,440.0,858.0,98.0,31.0,scl
06085504319,2003.0,132.0,122.0,220.0,540.0,690.0,299.0,scl
06085504320,846.0,0.0,0.0,35.0,413.0,347.0,51.0,scl
06085504321,1605.0,104.0,188.0,224.0,542.0,497.0,50.0,scl
06085504322,2119.0,0.0,186.0,1250.0,567.0,91.0,25.0,scl
06085504323,1832.0,140.0,226.0,488.0,392.0,484.0,102.0,scl
06085504410,1242.0,33.0,107.0,155.0,389.0,460.0,98.0,scl
06085504411,1554.0,0.0,48.0,102.0,686.0,623.0,95.0,scl
06085504412,1310.0,0.0,82.0,300.0,757.0,135.0,36.0,scl
06085504413,707.0,0.0,155.0,245.0,193.0,101.0,13.0,scl
06085504414,1539.0,6.0,10.0,100.0,580.0,765.0,78.0,scl
06085504415,1572.0,14.0,9.0,79.0,725.0,660.0,85.0,scl
06085504416,1111.0,0.0,0.0,220.0,529.0,352.0,10.0,scl
06085504417,133.0,0.0,0.0,33.0,11.0,34.0,55.0,scl
06085504418,1348.0,0.0,155.0,391.0,408.0,314.0,80.0,scl
06085504420,1390.0,0.0,76.0,148.0,471.0,607.0,88.0,scl
06085504421,1379.0,10.0,0.0,120.0,457.0,640.0,152.0,scl
06085504422,1028.0,5.0,55.0,91.0,571.0,223.0,83.0,scl
06085504423,664.0,0.0,0.0,71.0,311.0,199.0,83.0,scl
06085504504,2786.0,11.0,506.0,1090.0,1001.0,170.0,8.0,scl
06085504505,1319.0,41.0,64.0,153.0,744.0,226.0,91.0,scl
06085504506,2245.0,22.0,323.0,1103.0,507.0,227.0,63.0,scl
06085504507,1720.0,18.0,112.0,250.0,837.0,469.0,34.0,scl
06085504601,366.0,7.0,12.0,169.0,144.0,34.0,0.0,scl
06085504602,577.0,36.0,40.0,178.0,176.0,128.0,19.0,scl
06085504700,141.0,0.0,0.0,42.0,61.0,38.0,0.0,scl
06085504802,1803.0,2.0,331.0,464.0,842.0,78.0,86.0,scl
06085504803,2715.0,293.0,386.0,1141.0,621.0,274.0,0.0,scl
06085504805,2384.0,73.0,250.0,908.0,1027.0,126.0,0.0,scl
06085504806,774.0,14.0,0.0,41.0,541.0,149.0,29.0,scl
06085504901,3953.0,28.0,1074.0,1769.0,755.0,244.0,83.0,scl
06085505001,3680.0,152.0,654.0,1238.0,868.0,659.0,109.0,scl
06085505006,1930.0,27.0,756.0,904.0,238.0,5.0,0.0,scl
06085505007,1004.0,0.0,9.0,161.0,462.0,346.0,26.0,scl
06085505008,2794.0,42.0,1404.0,1219.0,129.0,0.0,0.0,scl
06085505009,2362.0,52.0,316.0,856.0,964.0,174.0,0.0,scl
06085505100,1512.0,160.0,462.0,568.0,269.0,22.0,31.0,scl
06085505202,2161.0,35.0,822.0,704.0,477.0,80.0,43.0,scl
06085505203,1433.0,72.0,320.0,535.0,357.0,83.0,66.0,scl
06085505301,1371.0,59.0,171.0,323.0,725.0,44.0,49.0,scl
06085505302,1417.0,43.0,156.0,149.0,689.0,299.0,81.0,scl
06085505303,2206.0,44.0,381.0,1127.0,453.0,108.0,93.0,scl
06085505304,1076.0,0.0,0.0,38.0,841.0,142.0,55.0,scl
06085505305,2082.0,83.0,291.0,311.0,1057.0,253.0,87.0,scl
06085505401,2656.0,83.0,829.0,1189.0,307.0,220.0,28.0,scl
06085505402,1144.0,21.0,97.0,361.0,558.0,61.0,46.0,scl
06085505403,2736.0,93.0,580.0,1176.0,745.0,142.0,0.0,scl
06085505500,1624.0,0.0,273.0,351.0,799.0,171.0,30.0,scl
06085505600,1297.0,167.0,410.0,350.0,260.0,62.0,48.0,scl
06085505700,2422.0,58.0,677.0,774.0,638.0,164.0,111.0,scl
06085505800,1595.0,49.0,47.0,311.0,989.0,184.0,15.0,scl
06085505900,3091.0,157.0,752.0,825.0,959.0,247.0,151.0,scl
06085506000,1851.0,30.0,458.0,395.0,838.0,93.0,37.0,scl
06085506101,1713.0,10.0,66.0,191.0,882.0,434.0,130.0,scl
06085506102,1587.0,0.0,135.0,498.0,667.0,187.0,100.0,scl
06085506103,1704.0,0.0,103.0,404.0,798.0,356.0,43.0,scl
06085506202,2591.0,73.0,282.0,336.0,1040.0,659.0,201.0,scl
06085506203,2509.0,43.0,854.0,938.0,593.0,49.0,32.0,scl
06085506204,2168.0,0.0,66.0,556.0,1061.0,347.0,138.0,scl
06085506301,2430.0,91.0,747.0,1150.0,379.0,48.0,15.0,scl
06085506302,2506.0,35.0,202.0,605.0,1080.0,490.0,94.0,scl
06085506304,2189.0,185.0,722.0,781.0,316.0,154.0,31.0,scl
06085506305,2619.0,50.0,770.0,934.0,469.0,327.0,69.0,scl
06085506401,2122.0,324.0,615.0,533.0,466.0,150.0,34.0,scl
06085506402,2344.0,80.0,817.0,676.0,403.0,319.0,49.0,scl
06085506501,2608.0,103.0,600.0,1323.0,491.0,91.0,0.0,scl
06085506502,1980.0,6.0,289.0,1126.0,431.0,106.0,22.0,scl
06085506503,2719.0,103.0,729.0,926.0,655.0,278.0,28.0,scl
06085506601,1754.0,144.0,363.0,329.0,524.0,343.0,51.0,scl
06085506603,1431.0,0.0,0.0,112.0,777.0,475.0,67.0,scl
06085506604,2672.0,0.0,82.0,250.0,1539.0,743.0,58.0,scl
06085506605,1587.0,97.0,297.0,396.0,560.0,208.0,29.0,scl
06085506606,1671.0,0.0,256.0,400.0,744.0,262.0,9.0,scl
06085506701,1341.0,0.0,63.0,193.0,604.0,354.0,127.0,scl
06085506702,2119.0,0.0,262.0,741.0,603.0,429.0,84.0,scl
06085506703,1458.0,58.0,156.0,271.0,865.0,97.0,11.0,scl
06085506801,2225.0,0.0,223.0,378.0,789.0,701.0,134.0,scl
06085506802,1899.0,48.0,102.0,284.0,1034.0,386.0,45.0,scl
06085506803,2403.0,125.0,152.0,166.0,867.0,984.0,109.0,scl
06085506804,1360.0,0.0,0.0,138.0,758.0,394.0,70.0,scl
06085506900,2763.0,0.0,206.0,326.0,745.0,1001.0,485.0,scl
06085507001,3256.0,39.0,473.0,875.0,1059.0,632.0,178.0,scl
06085507002,1097.0,0.0,30.0,129.0,483.0,289.0,166.0,scl
06085507100,1337.0,10.0,395.0,434.0,281.0,207.0,10.0,scl
06085507203,1077.0,78.0,148.0,200.0,393.0,189.0,69.0,scl
06085507205,1966.0,64.0,102.0,263.0,818.0,541.0,178.0,scl
06085507206,955.0,0.0,23.0,74.0,188.0,361.0,309.0,scl
06085507301,2540.0,58.0,271.0,154.0,716.0,970.0,371.0,scl
06085507302,1115.0,49.0,37.0,164.0,317.0,384.0,164.0,scl
06085507401,1947.0,0.0,6.0,62.0,455.0,929.0,495.0,scl
06085507402,1538.0,26.0,120.0,161.0,554.0,476.0,201.0,scl
06085507500,2047.0,0.0,43.0,93.0,438.0,947.0,526.0,scl
06085507600,2095.0,0.0,0.0,173.0,554.0,910.0,458.0,scl
06085507701,1445.0,0.0,25.0,135.0,447.0,623.0,215.0,scl
06085507702,2156.0,0.0,12.0,170.0,676.0,1013.0,285.0,scl
06085507703,2819.0,66.0,156.0,577.0,1117.0,630.0,273.0,scl
06085507805,2051.0,17.0,513.0,831.0,333.0,245.0,112.0,scl
06085507806,2092.0,149.0,422.0,759.0,354.0,251.0,157.0,scl
06085507807,1086.0,0.0,53.0,294.0,362.0,338.0,39.0,scl
06085507808,1862.0,0.0,44.0,156.0,1025.0,521.0,116.0,scl
06085507903,1656.0,0.0,0.0,150.0,684.0,579.0,243.0,scl
06085507904,1120.0,0.0,6.0,10.0,479.0,441.0,184.0,scl
06085507905,2216.0,127.0,214.0,769.0,695.0,287.0,124.0,scl
06085507906,1461.0,16.0,0.0,79.0,671.0,467.0,228.0,scl
06085508001,2997.0,28.0,539.0,795.0,1064.0,533.0,38.0,scl
06085508003,780.0,19.0,39.0,348.0,166.0,192.0,16.0,scl
06085508004,2279.0,109.0,354.0,553.0,583.0,447.0,233.0,scl
06085508101,2451.0,0.0,260.0,830.0,806.0,498.0,57.0,scl
06085508102,1239.0,25.0,266.0,284.0,468.0,181.0,15.0,scl
06085508202,2899.0,96.0,438.0,509.0,987.0,633.0,236.0,scl
06085508203,1821.0,0.0,196.0,341.0,636.0,494.0,154.0,scl
06085508204,1525.0,0.0,103.0,315.0,650.0,338.0,119.0,scl
06085508301,1560.0,27.0,164.0,51.0,567.0,579.0,172.0,scl
06085508303,929.0,5.0,33.0,25.0,385.0,434.0,47.0,scl
06085508304,3122.0,112.0,474.0,1361.0,730.0,373.0,72.0,scl
06085508401,2562.0,124.0,332.0,377.0,1278.0,368.0,83.0,scl
06085508403,1024.0,7.0,10.0,103.0,340.0,450.0,114.0,scl
06085508404,2403.0,140.0,183.0,624.0,769.0,463.0,224.0,scl
06085508503,2932.0,340.0,983.0,887.0,495.0,187.0,40.0,scl
06085508504,3299.0,261.0,1199.0,1295.0,439.0,57.0,48.0,scl
06085508505,1984.0,117.0,329.0,685.0,548.0,255.0,50.0,scl
06085508507,1416.0,83.0,457.0,759.0,108.0,9.0,0.0,scl
06085508508,2020.0,16.0,480.0,684.0,467.0,291.0,82.0,scl
06085508601,1421.0,0.0,124.0,431.0,783.0,83.0,0.0,scl
06085508602,1925.0,167.0,596.0,641.0,470.0,43.0,8.0,scl
06085508703,3243.0,49.0,839.0,1081.0,795.0,466.0,13.0,scl
06085508704,2420.0,188.0,892.0,708.0,596.0,24.0,12.0,scl
06085508800,1506.0,51.0,428.0,607.0,364.0,18.0,38.0,scl
06085508900,1831.0,182.0,328.0,480.0,667.0,127.0,47.0,scl
06085509000,2552.0,124.0,436.0,793.0,1041.0,150.0,8.0,scl
06085509102,2391.0,0.0,494.0,1413.0,404.0,80.0,0.0,scl
06085509105,3103.0,62.0,945.0,1292.0,670.0,134.0,0.0,scl
06085509106,1803.0,40.0,607.0,519.0,385.0,234.0,18.0,scl
06085509107,2039.0,20.0,1034.0,909.0,76.0,0.0,0.0,scl
06085509108,1894.0,175.0,452.0,749.0,457.0,51.0,10.0,scl
06085509109,1894.0,131.0,162.0,613.0,855.0,133.0,0.0,scl
06085509201,2513.0,200.0,678.0,983.0,477.0,158.0,17.0,scl
06085509202,1848.0,17.0,380.0,515.0,662.0,232.0,42.0,scl
06085509302,1212.0,8.0,245.0,88.0,773.0,85.0,13.0,scl
06085509303,1860.0,69.0,853.0,690.0,203.0,37.0,8.0,scl
06085509304,1289.0,80.0,194.0,606.0,317.0,92.0,0.0,scl
06085509401,1658.0,302.0,749.0,415.0,149.0,37.0,6.0,scl
06085509403,2111.0,39.0,1185.0,786.0,101.0,0.0,0.0,scl
06085509404,2688.0,86.0,767.0,1146.0,626.0,51.0,12.0,scl
06085509500,2325.0,45.0,721.0,899.0,559.0,58.0,43.0,scl
06085509600,1324.0,12.0,393.0,594.0,183.0,94.0,48.0,scl
06085509700,1419.0,15.0,316.0,637.0,352.0,68.0,31.0,scl
06085509801,2128.0,104.0,459.0,264.0,815.0,292.0,194.0,scl
06085509802,1133.0,46.0,226.0,190.0,465.0,165.0,41.0,scl
06085509901,708.0,0.0,16.0,53.0,405.0,193.0,41.0,scl
06085509902,1808.0,20.0,213.0,200.0,487.0,660.0,228.0,scl
06085510001,2199.0,0.0,11.0,135.0,818.0,1007.0,228.0,scl
06085510002,1368.0,11.0,0.0,172.0,435.0,588.0,162.0,scl
06085510100,1165.0,0.0,0.0,44.0,355.0,556.0,210.0,scl
06085510200,1563.0,0.0,9.0,57.0,606.0,749.0,142.0,scl
06085510300,1842.0,45.0,95.0,574.0,637.0,369.0,122.0,scl
06085510400,1185.0,0.0,28.0,211.0,423.0,334.0,189.0,scl
06085510500,2034.0,30.0,324.0,311.0,565.0,609.0,195.0,scl
06085510600,2504.0,72.0,289.0,689.0,941.0,350.0,163.0,scl
06085510700,2080.0,88.0,470.0,658.0,602.0,223.0,39.0,scl
06085510801,2116.0,23.0,195.0,304.0,794.0,619.0,181.0,scl
06085510802,753.0,0.0,81.0,86.0,316.0,236.0,34.0,scl
06085510803,1073.0,83.0,163.0,152.0,447.0,198.0,30.0,scl
06085510900,2061.0,41.0,221.0,473.0,692.0,427.0,207.0,scl
06085511000,2448.0,0.0,377.0,558.0,820.0,528.0,165.0,scl
06085511100,1967.0,0.0,0.0,166.0,985.0,608.0,208.0,scl
06085511200,1841.0,33.0,62.0,293.0,576.0,550.0,327.0,scl
06085511301,1866.0,163.0,426.0,748.0,328.0,69.0,132.0,scl
06085511302,2414.0,341.0,853.0,841.0,218.0,89.0,72.0,scl
06085511400,1416.0,0.0,41.0,408.0,442.0,332.0,193.0,scl
06085511500,3229.0,144.0,662.0,831.0,730.0,588.0,274.0,scl
06085511608,42.0,0.0,14.0,8.0,0.0,20.0,0.0,scl
06085511609,1947.0,96.0,800.0,994.0,36.0,21.0,0.0,scl
06085511701,1487.0,0.0,0.0,53.0,346.0,557.0,531.0,scl
06085511702,1074.0,0.0,5.0,81.0,467.0,354.0,167.0,scl
06085511704,1648.0,0.0,0.0,96.0,302.0,712.0,538.0,scl
06085511705,325.0,0.0,25.0,41.0,71.0,114.0,74.0,scl
06085511707,1276.0,0.0,181.0,238.0,232.0,386.0,239.0,scl
06085511800,1822.0,17.0,189.0,407.0,718.0,341.0,150.0,scl
06085511905,1110.0,12.0,0.0,146.0,225.0,489.0,238.0,scl
06085511907,1351.0,0.0,0.0,55.0,507.0,650.0,139.0,scl
06085511909,2710.0,0.0,0.0,138.0,795.0,1181.0,596.0,scl
06085511910,1061.0,0.0,0.0,9.0,235.0,646.0,171.0,scl
06085511911,1833.0,30.0,232.0,371.0,488.0,558.0,154.0,scl
06085511912,1742.0,11.0,0.0,78.0,404.0,1024.0,225.0,scl
06085511913,1441.0,0.0,34.0,15.0,254.0,925.0,213.0,scl
06085511914,1949.0,0.0,0.0,102.0,565.0,991.0,291.0,scl
06085511915,1286.0,0.0,270.0,683.0,226.0,77.0,30.0,scl
06085511916,1663.0,22.0,165.0,183.0,769.0,421.0,103.0,scl
06085512001,2031.0,0.0,76.0,204.0,652.0,868.0,231.0,scl
06085512005,2217.0,0.0,40.0,150.0,938.0,845.0,244.0,scl
06085512017,2238.0,26.0,162.0,381.0,1041.0,588.0,40.0,scl
06085512019,1584.0,29.0,154.0,359.0,444.0,528.0,70.0,scl
06085512020,2753.0,448.0,1171.0,589.0,246.0,246.0,53.0,scl
06085512021,2046.0,0.0,32.0,544.0,741.0,596.0,133.0,scl
06085512022,1884.0,104.0,178.0,820.0,567.0,215.0,0.0,scl
06085512023,2019.0,191.0,119.0,1077.0,463.0,169.0,0.0,scl
06085512024,1712.0,113.0,120.0,178.0,849.0,368.0,84.0,scl
06085512025,1103.0,0.0,60.0,4.0,303.0,553.0,183.0,scl
06085512026,1365.0,0.0,51.0,630.0,486.0,195.0,3.0,scl
06085512027,1575.0,98.0,476.0,308.0,300.0,370.0,23.0,scl
06085512029,2345.0,42.0,120.0,315.0,1024.0,711.0,133.0,scl
06085512030,984.0,0.0,6.0,70.0,260.0,496.0,152.0,scl
06085512031,1396.0,0.0,46.0,45.0,521.0,742.0,42.0,scl
06085512032,1062.0,0.0,8.0,119.0,399.0,459.0,77.0,scl
06085512033,1937.0,79.0,25.0,387.0,602.0,643.0,201.0,scl
06085512034,1046.0,0.0,20.0,124.0,562.0,238.0,102.0,scl
06085512035,1397.0,36.0,90.0,21.0,445.0,582.0,223.0,scl
06085512036,1850.0,202.0,393.0,559.0,329.0,250.0,117.0,scl
06085512037,985.0,0.0,0.0,20.0,431.0,481.0,53.0,scl
06085512038,1099.0,112.0,47.0,459.0,305.0,176.0,0.0,scl
06085512039,1336.0,0.0,0.0,70.0,617.0,595.0,54.0,scl
06085512042,849.0,84.0,165.0,45.0,260.0,278.0,17.0,scl
06085512043,1630.0,0.0,119.0,675.0,605.0,199.0,32.0,scl
06085512045,1855.0,0.0,0.0,23.0,1125.0,663.0,44.0,scl
06085512047,1747.0,0.0,11.0,229.0,667.0,707.0,133.0,scl
06085512052,1800.0,166.0,294.0,891.0,343.0,106.0,0.0,scl
06085512053,1612.0,104.0,0.0,453.0,360.0,650.0,45.0,scl
06085512100,520.0,0.0,45.0,107.0,196.0,119.0,53.0,scl
06085512200,1575.0,13.0,215.0,141.0,348.0,653.0,205.0,scl
06085512305,1391.0,0.0,62.0,286.0,398.0,408.0,237.0,scl
06085512307,2350.0,13.0,58.0,464.0,655.0,856.0,304.0,scl
06085512308,2345.0,0.0,22.0,156.0,733.0,1178.0,256.0,scl
06085512309,1750.0,0.0,0.0,322.0,510.0,662.0,256.0,scl
06085512310,1265.0,15.0,91.0,521.0,370.0,225.0,43.0,scl
06085512311,1082.0,0.0,87.0,170.0,492.0,252.0,81.0,scl
06085512312,983.0,0.0,26.0,123.0,413.0,292.0,129.0,scl
06085512313,1219.0,0.0,85.0,485.0,466.0,121.0,62.0,scl
06085512314,2020.0,164.0,57.0,745.0,633.0,252.0,169.0,scl
06085512401,1564.0,43.0,71.0,302.0,524.0,475.0,149.0,scl
06085512402,1643.0,23.0,40.0,175.0,620.0,576.0,209.0,scl
06085512503,2489.0,7.0,0.0,155.0,821.0,1171.0,335.0,scl
06085512505,2129.0,76.0,158.0,412.0,779.0,583.0,121.0,scl
06085512506,1789.0,41.0,46.0,428.0,744.0,507.0,23.0,scl
06085512508,2631.0,25.0,334.0,638.0,899.0,561.0,174.0,scl
06085512509,1216.0,0.0,0.0,168.0,494.0,353.0,201.0,scl
06085512510,2329.0,118.0,374.0,294.0,658.0,586.0,299.0,scl
06085512602,899.0,36.0,54.0,212.0,369.0,179.0,49.0,scl
06085512603,1060.0,135.0,180.0,431.0,232.0,82.0,0.0,scl
06085512604,1122.0,22.0,50.0,524.0,305.0,202.0,19.0,scl
06085513000,2246.0,448.0,552.0,1029.0,149.0,68.0,0.0,scl
06085513500,379.0,0.0,13.0,63.0,203.0,54.0,46.0,scl
06095250103,1656.0,30.0,73.0,423.0,559.0,525.0,46.0,son
06095250104,878.0,0.0,119.0,106.0,264.0,324.0,65.0,son
06095250105,2257.0,0.0,215.0,447.0,468.0,885.0,242.0,son
06095250106,1505.0,0.0,7.0,30.0,657.0,538.0,273.0,son
06095250200,1527.0,0.0,37.0,654.0,756.0,70.0,10.0,son
06095250300,1238.0,29.0,21.0,432.0,703.0,46.0,7.0,son
06095250400,1324.0,0.0,85.0,678.0,492.0,44.0,25.0,son
06095250501,832.0,66.0,25.0,152.0,514.0,38.0,37.0,son
06095250502,1206.0,0.0,36.0,111.0,590.0,394.0,75.0,son
06095250601,1590.0,14.0,45.0,318.0,962.0,161.0,90.0,son
06095250604,1617.0,0.0,88.0,334.0,389.0,610.0,196.0,son
06095250605,1574.0,0.0,14.0,78.0,811.0,661.0,10.0,son
06095250701,1171.0,29.0,213.0,401.0,430.0,98.0,0.0,son
06095250801,1701.0,28.0,249.0,802.0,369.0,245.0,8.0,son
06095250900,1550.0,323.0,771.0,330.0,87.0,18.0,21.0,son
06095251000,1299.0,42.0,448.0,393.0,291.0,104.0,21.0,son
06095251100,1298.0,97.0,153.0,656.0,298.0,14.0,80.0,son
06095251200,1227.0,45.0,71.0,533.0,449.0,129.0,0.0,son
06095251300,1264.0,0.0,12.0,272.0,803.0,143.0,34.0,son
06095251400,2301.0,0.0,109.0,892.0,889.0,381.0,30.0,son
06095251500,1572.0,62.0,302.0,915.0,146.0,109.0,38.0,son
06095251600,1278.0,71.0,382.0,547.0,162.0,96.0,20.0,son
06095251701,1580.0,49.0,305.0,829.0,316.0,36.0,45.0,son
06095251702,1046.0,8.0,65.0,334.0,434.0,195.0,10.0,son
06095251802,1324.0,48.0,584.0,515.0,86.0,91.0,0.0,son
06095251803,1484.0,0.0,20.0,127.0,955.0,337.0,45.0,son
06095251804,1057.0,9.0,0.0,18.0,590.0,414.0,26.0,son
06095251901,1993.0,99.0,313.0,732.0,536.0,255.0,58.0,son
06095251902,1756.0,8.0,32.0,275.0,833.0,597.0,11.0,son
06095251903,1740.0,0.0,18.0,20.0,902.0,786.0,14.0,son
06095252000,2201.0,47.0,474.0,495.0,826.0,300.0,59.0,son
06095252102,1683.0,25.0,157.0,582.0,657.0,241.0,21.0,son
06095252103,2133.0,7.0,390.0,513.0,443.0,628.0,152.0,son
06095252104,1865.0,0.0,35.0,67.0,539.0,936.0,288.0,son
06095252105,1359.0,0.0,42.0,412.0,423.0,385.0,97.0,son
06095252106,1737.0,7.0,183.0,544.0,436.0,499.0,68.0,son
06095252107,1486.0,26.0,142.0,247.0,586.0,405.0,80.0,son
06095252108,1315.0,20.0,72.0,382.0,396.0,409.0,36.0,son
06095252201,2979.0,20.0,26.0,144.0,1236.0,1169.0,384.0,son
06095252202,3007.0,0.0,64.0,69.0,1388.0,1303.0,183.0,son
06095252305,1667.0,9.0,131.0,257.0,475.0,515.0,280.0,son
06095252306,1256.0,0.0,54.0,98.0,632.0,412.0,60.0,son
06095252310,1255.0,0.0,97.0,147.0,382.0,495.0,134.0,son
06095252311,1568.0,0.0,142.0,112.0,275.0,641.0,398.0,son
06095252312,1359.0,0.0,198.0,234.0,681.0,246.0,0.0,son
06095252313,2132.0,3.0,279.0,594.0,461.0,683.0,112.0,son
06095252314,1431.0,10.0,83.0,76.0,555.0,676.0,31.0,son
06095252315,1368.0,0.0,13.0,51.0,448.0,787.0,69.0,son
06095252316,1152.0,0.0,21.0,94.0,550.0,467.0,20.0,son
06095252317,2073.0,4.0,0.0,157.0,728.0,773.0,411.0,son
06095252401,1435.0,0.0,113.0,291.0,827.0,191.0,13.0,son
06095252402,1712.0,77.0,296.0,361.0,693.0,253.0,32.0,son
06095252501,983.0,0.0,185.0,348.0,342.0,74.0,34.0,son
06095252502,644.0,27.0,251.0,213.0,128.0,14.0,11.0,son
06095252604,1197.0,26.0,140.0,456.0,441.0,129.0,5.0,son
06095252605,1991.0,8.0,200.0,1053.0,507.0,223.0,0.0,son
06095252606,1787.0,29.0,222.0,503.0,803.0,225.0,5.0,son
06095252607,1199.0,8.0,69.0,360.0,677.0,85.0,0.0,son
06095252608,1345.0,0.0,29.0,561.0,547.0,199.0,9.0,son
06095252610,1079.0,0.0,80.0,36.0,468.0,495.0,0.0,son
06095252611,1143.0,41.0,13.0,569.0,352.0,168.0,0.0,son
06095252702,2405.0,24.0,139.0,322.0,1163.0,699.0,58.0,son
06095252703,1269.0,0.0,5.0,135.0,943.0,171.0,15.0,son
06095252704,1760.0,0.0,231.0,420.0,490.0,601.0,18.0,son
06095252705,1836.0,13.0,0.0,163.0,939.0,682.0,39.0,son
06095252706,1187.0,0.0,0.0,37.0,693.0,457.0,0.0,son
06095252707,1685.0,31.0,58.0,401.0,964.0,192.0,39.0,son
06095252801,1081.0,10.0,26.0,292.0,459.0,294.0,0.0,son
06095252802,129.0,0.0,34.0,39.0,33.0,23.0,0.0,son
06095252903,1731.0,0.0,40.0,292.0,847.0,429.0,123.0,son
06095252904,2105.0,15.0,268.0,564.0,851.0,288.0,119.0,son
06095252908,1370.0,4.0,145.0,400.0,280.0,490.0,51.0,son
06095252909,1115.0,20.0,6.0,13.0,637.0,427.0,12.0,son
06095252910,2026.0,10.0,136.0,94.0,1241.0,526.0,19.0,son
06095252911,2746.0,0.0,481.0,1676.0,377.0,149.0,63.0,son
06095252912,1952.0,13.0,77.0,50.0,642.0,884.0,286.0,son
06095252913,1749.0,8.0,44.0,176.0,1167.0,329.0,25.0,son
06095252914,1879.0,8.0,124.0,293.0,872.0,402.0,180.0,son
06095252915,1130.0,0.0,0.0,48.0,402.0,527.0,153.0,son
06095253000,0.0,0.0,0.0,0.0,0.0,0.0,0.0,son
06095253101,2108.0,11.0,143.0,549.0,906.0,332.0,167.0,son
06095253105,2582.0,38.0,344.0,1255.0,757.0,139.0,49.0,son
06095253106,1332.0,17.0,189.0,312.0,659.0,155.0,0.0,son
06095253107,2330.0,0.0,380.0,641.0,807.0,502.0,0.0,son
06095253108,1587.0,25.0,275.0,211.0,620.0,449.0,7.0,son
06095253201,1853.0,21.0,5.0,75.0,782.0,814.0,156.0,son
06095253203,1639.0,19.0,44.0,297.0,1103.0,129.0,47.0,son
06095253204,2482.0,60.0,143.0,674.0,565.0,813.0,227.0,son
06095253205,1120.0,17.0,0.0,329.0,515.0,230.0,29.0,son
06095253206,1025.0,0.0,0.0,66.0,493.0,389.0,77.0,son
06095253300,1011.0,0.0,68.0,265.0,483.0,135.0,60.0,son
06095253402,2567.0,27.0,326.0,568.0,979.0,532.0,135.0,son
06095253403,1681.0,0.0,0.0,79.0,759.0,821.0,22.0,son
06095253404,2345.0,40.0,189.0,500.0,1039.0,562.0,15.0,son
06095253500,4421.0,0.0,254.0,2414.0,1258.0,441.0,54.0,son
06095980000,0.0,0.0,0.0,0.0,0.0,0.0,0.0,son
06097150100,1185.0,4.0,144.0,383.0,475.0,151.0,28.0,sol
06097150202,2798.0,11.0,254.0,1235.0,914.0,315.0,69.0,sol
06097150203,2342.0,66.0,297.0,1049.0,755.0,138.0,37.0,sol
06097150204,1896.0,0.0,263.0,410.0,878.0,308.0,37.0,sol
06097150303,2476.0,32.0,61.0,1100.0,1043.0,217.0,23.0,sol
06097150304,2526.0,57.0,225.0,974.0,1078.0,177.0,15.0,sol
06097150305,1836.0,0.0,256.0,811.0,590.0,173.0,6.0,sol
06097150306,1706.0,10.0,176.0,660.0,676.0,168.0,16.0,sol
06097150500,2456.0,49.0,458.0,842.0,897.0,170.0,40.0,sol
06097150601,1412.0,0.0,52.0,312.0,393.0,623.0,32.0,sol
06097150602,1593.0,0.0,31.0,77.0,792.0,618.0,75.0,sol
06097150603,2797.0,193.0,407.0,394.0,1154.0,578.0,71.0,sol
06097150607,1935.0,0.0,181.0,157.0,782.0,582.0,233.0,sol
06097150609,1952.0,0.0,143.0,526.0,936.0,237.0,110.0,sol
06097150610,1410.0,31.0,0.0,124.0,759.0,411.0,85.0,sol
06097150611,1415.0,0.0,132.0,286.0,591.0,360.0,46.0,sol
06097150612,1802.0,75.0,37.0,447.0,685.0,516.0,42.0,sol
06097150701,2219.0,62.0,468.0,942.0,524.0,202.0,21.0,sol
06097150702,1834.0,5.0,131.0,218.0,716.0,537.0,227.0,sol
06097150800,2094.0,38.0,323.0,755.0,664.0,262.0,52.0,sol
06097150901,2106.0,132.0,348.0,723.0,611.0,283.0,9.0,sol
06097150902,1482.0,0.0,108.0,456.0,603.0,243.0,72.0,sol
06097151000,1512.0,22.0,182.0,377.0,699.0,205.0,27.0,sol
06097151100,1873.0,34.0,128.0,567.0,800.0,286.0,58.0,sol
06097151201,3040.0,22.0,649.0,1088.0,1029.0,220.0,32.0,sol
06097151203,2088.0,94.0,225.0,422.0,766.0,526.0,55.0,sol
06097151204,1498.0,0.0,51.0,805.0,413.0,225.0,4.0,sol
06097151301,1640.0,24.0,324.0,396.0,502.0,386.0,8.0,sol
06097151305,2400.0,64.0,800.0,666.0,595.0,207.0,68.0,sol
06097151306,1631.0,13.0,101.0,852.0,421.0,182.0,62.0,sol
06097151307,1996.0,0.0,94.0,382.0,1020.0,391.0,109.0,sol
06097151308,2141.0,9.0,284.0,812.0,505.0,418.0,113.0,sol
06097151309,1896.0,0.0,169.0,444.0,957.0,283.0,43.0,sol
06097151310,1527.0,0.0,201.0,504.0,567.0,224.0,31.0,sol
06097151311,2416.0,18.0,309.0,580.0,1086.0,374.0,49.0,sol
06097151401,2120.0,107.0,263.0,471.0,924.0,347.0,8.0,sol
06097151402,3641.0,0.0,1023.0,1522.0,878.0,218.0,0.0,sol
06097151502,3055.0,12.0,341.0,1040.0,1097.0,395.0,170.0,sol
06097151503,1436.0,0.0,21.0,76.0,689.0,584.0,66.0,sol
06097151504,1370.0,0.0,0.0,188.0,960.0,222.0,0.0,sol
06097151601,1891.0,55.0,131.0,1188.0,474.0,31.0,12.0,sol
06097151602,2038.0,0.0,44.0,901.0,960.0,84.0,49.0,sol
06097151700,3056.0,87.0,630.0,904.0,1163.0,212.0,60.0,sol
06097151800,2135.0,0.0,201.0,733.0,1034.0,145.0,22.0,sol
06097151900,1391.0,83.0,322.0,685.0,279.0,22.0,0.0,sol
06097152000,1040.0,96.0,537.0,271.0,64.0,69.0,3.0,sol
06097152100,1067.0,9.0,229.0,529.0,251.0,49.0,0.0,sol
06097152201,1762.0,128.0,352.0,900.0,332.0,50.0,0.0,sol
06097152202,3005.0,0.0,439.0,1104.0,1070.0,356.0,36.0,sol
06097152203,1845.0,105.0,316.0,947.0,339.0,96.0,42.0,sol
06097152300,1916.0,33.0,195.0,410.0,890.0,304.0,84.0,sol
06097152400,4351.0,93.0,339.0,644.0,1567.0,1421.0,287.0,sol
06097152501,1696.0,0.0,239.0,552.0,600.0,291.0,14.0,sol
06097152502,1534.0,0.0,99.0,507.0,659.0,262.0,7.0,sol
06097152600,3500.0,87.0,110.0,551.0,1695.0,860.0,197.0,sol
06097152701,2216.0,53.0,177.0,683.0,769.0,516.0,18.0,sol
06097152702,2074.0,72.0,230.0,463.0,865.0,399.0,45.0,sol
06097152801,1998.0,0.0,174.0,251.0,1044.0,500.0,29.0,sol
06097152802,2957.0,173.0,834.0,1388.0,505.0,57.0,0.0,sol
06097152903,1592.0,49.0,107.0,541.0,600.0,285.0,10.0,sol
06097152904,1898.0,0.0,264.0,358.0,863.0,386.0,27.0,sol
06097152905,1594.0,0.0,107.0,719.0,617.0,151.0,0.0,sol
06097152906,2007.0,38.0,126.0,393.0,1016.0,400.0,34.0,sol
06097153001,2479.0,161.0,655.0,757.0,703.0,192.0,11.0,sol
06097153002,2048.0,58.0,213.0,717.0,788.0,272.0,0.0,sol
06097153003,2101.0,6.0,374.0,628.0,870.0,182.0,41.0,sol
06097153005,2533.0,36.0,66.0,560.0,1189.0,655.0,27.0,sol
06097153006,2833.0,22.0,265.0,928.0,1360.0,229.0,29.0,sol
06097153102,1497.0,87.0,62.0,513.0,657.0,137.0,41.0,sol
06097153103,1471.0,64.0,129.0,480.0,589.0,182.0,27.0,sol
06097153104,1249.0,108.0,334.0,453.0,311.0,43.0,0.0,sol
06097153200,2303.0,49.0,140.0,500.0,1127.0,435.0,52.0,sol
06097153300,3732.0,42.0,298.0,1068.0,1693.0,538.0,93.0,sol
06097153401,2954.0,56.0,469.0,991.0,1201.0,215.0,22.0,sol
06097153403,1810.0,41.0,248.0,715.0,633.0,160.0,13.0,sol
06097153404,1955.0,124.0,213.0,500.0,816.0,233.0,69.0,sol
06097153501,2012.0,64.0,248.0,496.0,921.0,251.0,32.0,sol
06097153502,1813.0,39.0,218.0,488.0,892.0,145.0,31.0,sol
06097153600,2555.0,93.0,380.0,727.0,1123.0,174.0,58.0,sol
06097153703,2819.0,218.0,656.0,1295.0,570.0,64.0,16.0,sol
06097153704,2660.0,79.0,591.0,1426.0,465.0,99.0,0.0,sol
06097153705,1890.0,24.0,459.0,709.0,610.0,78.0,10.0,sol
06097153706,2471.0,102.0,339.0,874.0,811.0,315.0,30.0,sol
06097153801,3456.0,74.0,80.0,509.0,1775.0,942.0,76.0,sol
06097153804,1219.0,59.0,45.0,251.0,501.0,344.0,19.0,sol
06097153806,1316.0,95.0,214.0,135.0,561.0,270.0,41.0,sol
06097153807,1454.0,39.0,12.0,189.0,687.0,451.0,76.0,sol
06097153808,1616.0,38.0,170.0,448.0,645.0,278.0,37.0,sol
06097153809,1614.0,0.0,79.0,248.0,816.0,386.0,85.0,sol
06097153901,2435.0,0.0,186.0,820.0,943.0,363.0,123.0,sol
06097153902,1649.0,83.0,206.0,516.0,603.0,207.0,34.0,sol
06097153903,1627.0,0.0,81.0,555.0,800.0,184.0,7.0,sol
06097154000,1381.0,39.0,155.0,418.0,527.0,214.0,28.0,sol
06097154100,1775.0,16.0,123.0,582.0,793.0,212.0,49.0,sol
06097154201,1568.0,28.0,290.0,555.0,567.0,113.0,15.0,sol
06097154202,2525.0,75.0,37.0,781.0,1169.0,385.0,78.0,sol
06097154302,2368.0,133.0,260.0,788.0,970.0,210.0,7.0,sol
06097154303,2055.0,40.0,164.0,974.0,766.0,109.0,2.0,sol
06097154304,1889.0,128.0,390.0,840.0,473.0,55.0,3.0,sol
06097990100,0.0,0.0,0.0,0.0,0.0,0.0,0.0,sol
